wordpress-seo	Yoast SEO
siteorigin-panels	Page Builder by SiteOrigin
wordfence	Wordfence Security
wordpress-importer	WordPress Importer
google-sitemap-generator	Google XML Sitemaps
akismet	Akismet
wp-pagenavi	WP-PageNavi
w3-total-cache	W3 Total Cache
jetpack	Jetpack by WordPress.com
contact-form-7	Contact Form 7
really-simple-captcha	Really Simple CAPTCHA
regenerate-thumbnails	Regenerate Thumbnails
google-analytics-for-wordpress	Google Analytics by MonsterInsights
wp-super-cache	WP Super Cache
duplicate-post	Duplicate Post
all-in-one-seo-pack	All in One SEO Pack
hello-dolly	Hello Dolly
nextgen-gallery	NextGEN Gallery
tinymce-advanced	TinyMCE Advanced
woocommerce	WooCommerce
advanced-custom-fields	Advanced Custom Fields
wpclef	Clef Two-Factor Authentication
updraftplus	UpdraftPlus WordPress Backup Plugin
disable-comments	Disable Comments
google-analytics-dashboard-for-wp	Google Analytics Dashboard for WP
wp-multibyte-patch	WP Multibyte Patch
black-studio-tinymce-widget	Black Studio TinyMCE Widget
duplicator	Duplicator
better-wp-security	iThemes Security (formerly Better WP Security)
ml-slider	Meta Slider
so-widgets-bundle	SiteOrigin Widgets Bundle
ninja-forms	Ninja Forms
mailchimp-for-wp	MailChimp for WordPress
googleanalytics	Google Analytics
shortcodes-ultimate	Shortcodes Ultimate
redirection	Redirection
breadcrumb-navxt	Breadcrumb NavXT
wp-smushit	WP Smush - Image Optimization
wp-mail-smtp	WP Mail SMTP
wp-optimize	WP-Optimize
backwpup	BackWPup - WordPress Backup Plugin
image-widget	Image Widget
broken-link-checker	Broken Link Checker
contact-form-7-to-database-extension	Contact Form DB
tablepress	TablePress
the-events-calendar	The Events Calendar
all-in-one-wp-security-and-firewall	All In One WP Security &amp; Firewall
wp-db-backup	WP-DB-Backup
si-contact-form	Fast Secure Contact Form
wp-maintenance-mode	WP Maintenance Mode
iwp-client	InfiniteWP Client
force-regenerate-thumbnails	Force Regenerate Thumbnails
post-types-order	Post Types Order
ewww-image-optimizer	EWWW Image Optimizer
user-role-editor	User Role Editor
google-analyticator	Google Analyticator
custom-post-type-ui	Custom Post Type UI
captcha	Captcha by BestWebSoft
wysija-newsletters	MailPoet Newsletters
yith-woocommerce-wishlist	YITH WooCommerce Wishlist
add-to-any	AddToAny Share Buttons
formidable	Formidable Forms
wptouch	WPtouch Mobile Plugin
bbpress	bbPress
simple-custom-css	Simple Custom CSS
maintenance	Maintenance
redux-framework	Redux Framework
wp-statistics	WP Statistics
photo-gallery	Gallery
wp-google-maps	WP Google Maps
widget-logic	Widget Logic
page-links-to	Page Links To
easy-google-fonts	Easy Google Fonts
yet-another-related-posts-plugin	Yet Another Related Posts Plugin (YARPP)
si-captcha-for-wordpress	SI CAPTCHA Anti-Spam
loginizer	Loginizer
instagram-feed	Instagram Feed
simple-page-ordering	Simple Page Ordering
sucuri-scanner	Sucuri Security - Auditing, Malware Scanner and Security Hardening
types	Toolset Types
worker	ManageWP Worker
coming-soon	Coming Soon Page &amp; Maintenance Mode by SeedProd
wp-clone-by-wp-academy	WP Clone by WP Academy
easy-fancybox	Easy FancyBox
loco-translate	Loco Translate
quick-pagepost-redirect-plugin	Quick Page/Post Redirect Plugin
disqus-comment-system	Disqus Comment System
all-in-one-wp-migration	All-in-One WP Migration
backupwordpress	BackUpWordPress
cookie-law-info	Cookie Law Info
cookie-notice	Cookie Notice by dFactory
contact-form-plugin	Contact Form by BestWebSoft
wordpress-popular-posts	WordPress Popular Posts
antispam-bee	Antispam Bee
newsletter	Newsletter
ps-auto-sitemap	PS Auto Sitemap
seo-ultimate	SEO Ultimate
woosidebars	WooSidebars
responsive-lightbox	Responsive Lightbox by dFactory
display-widgets	Display Widgets
seo-image	SEO Friendly Images
wp-user-avatar	WP User Avatar
mainwp-child	MainWP Child
velvet-blues-update-urls	Velvet Blues Update URLs
login-lockdown	Login LockDown
widget-importer-exporter	Widget Importer &amp; Exporter
wp-postviews	WP-PostViews
admin-menu-editor	Admin Menu Editor
taxonomy-terms-order	Category Order and Taxonomy Terms Order
custom-sidebars	Custom Sidebars
enable-media-replace	Enable Media Replace
simple-301-redirects	Simple 301 Redirects
all-in-one-favicon	All In One Favicon
addthis	Share Buttons by AddThis
wp-fastest-cache	WP Fastest Cache
recent-tweets-widget	Recent Tweets Widget
buddypress	BuddyPress
polylang	Polylang
simple-social-icons	Simple Social Icons
genesis-simple-edits	Genesis Simple Edits
pretty-link	Pretty Link Lite
autoptimize	Autoptimize
contact-widgets	Contact Widgets
adminimize	Adminimize
social-media-widget	Social Media Widget
meta-box	Meta Box
php-code-widget	PHP Code Widget
custom-facebook-feed	Custom Facebook Feed
social-networks-auto-poster-facebook-twitter-g	NextScripts: Social Networks Auto-Poster
wp-retina-2x	WP Retina 2x
google-publisher	Google AdSense
wp-migrate-db	WP Migrate DB
bwp-google-xml-sitemaps	Better WordPress Google XML Sitemaps (support Sitemap Index, Multi-site and Google News)
sidekick	Sidekick
simple-share-buttons-adder	Simple Share Buttons Adder
insert-headers-and-footers	Insert Headers and Footers
underconstruction	underConstruction
wp-dbmanager	WP-DBManager
wp-google-fonts	WP Google Fonts
sumome	Free Tools to grow your Email List, Social Sharing and Analytics
simple-lightbox	Simple Lightbox
gotmls	Anti-Malware Security and Brute-Force Firewall
pirate-forms	Simple Contact Form Plugin - PirateForms
youtube-embed-plus	YouTube
anti-spam	Anti-spam
official-statcounter-plugin-for-wordpress	StatCounter - Free Real Time Visitor Stats
wp-edit	WP Edit
mailchimp	MailChimp List Subscribe Form
beaver-builder-lite-version	Beaver Builder - WordPress Page Builder
imsanity	Imsanity
intuitive-custom-post-order	Intuitive Custom Post Order
wp-polls	WP-Polls
social-media-feather	Social Media Feather | social media sharing
simple-tags	Simple Tags
wp-instagram-widget	WP Instagram Widget
recent-posts-widget-extended	Recent Posts Widget Extended
sg-cachepress	SG CachePress
wp-spamshield	WP-SpamShield Anti-Spam - All-in-One Spam Protection
auto-post-thumbnail	Auto Post Thumbnail
slideshow-jquery-image-gallery	Slideshow
shareaholic	Shareaholic | share buttons, related posts, social analytics &amp; more
slider-image	Slider
ultimate-tinymce	Ultimate TinyMCE
members	Members
better-search-replace	Better Search Replace
search-and-replace	Search &amp; Replace
contact-form-7-honeypot	Contact Form 7 Honeypot
wp-lightbox-2	WP Lightbox 2
wordpress-23-related-posts-plugin	WordPress Related Posts
easy-wp-smtp	Easy WP SMTP
mappress-google-maps-for-wordpress	MapPress Easy Google Maps
easy-theme-and-plugin-upgrades	Easy Theme and Plugin Upgrades
wp-sitemap-page	WP Sitemap Page
p3-profiler	P3 (Plugin Performance Profiler)
theme-my-login	Theme My Login
share-this	ShareThis: Free Sharing Buttons and Tools
pubsubhubbub	PubSubHubbub
ultimate-coming-soon-page	Ultimate Coming Soon Page
optinmonster	OptinMonster - Best WordPress Popup and Lead Generation Plugin
cornerstone	Cornerstone
rename-wp-login	Rename wp-login.php
wordpress-ping-optimizer	WordPress Ping Optimizer
disable-google-fonts	Disable Google Fonts
iframe	iframe
wp-slimstat	Slim Stat Analytics
spacer	Spacer
wp-editor	WP Editor
wp-social-bookmarking-light	WP Social Bookmarking Light
options-framework	Options Framework
yith-woocommerce-compare	YITH WooCommerce Compare
add-meta-tags	Add Meta Tags
all-in-one-event-calendar	All-in-One Event Calendar
qtranslate-x	qTranslate X
events-manager	Events Manager
yith-woocommerce-ajax-search	YITH WooCommerce Ajax Search
column-shortcodes	Column Shortcodes
woocommerce-gateway-paypal-express-checkout	WooCommerce PayPal Express Checkout Payment Gateway
password-protected	Password Protected
cyr3lat	Cyr to Lat enhanced
theme-check	Theme Check
insert-php	Insert PHP
addquicktag	AddQuicktag
simple-custom-post-order	Simple Custom Post Order
white-label-cms	White Label CMS
postman-smtp	Postman SMTP Mailer/Email Log
video-thumbnails	Video Thumbnails
visual-form-builder	Visual Form Builder
use-any-font	Use Any Font
bulletproof-security	BulletProof Security
virtue-toolkit	Virtue / Pinnacle ToolKit
cloudflare	CloudFlare
antivirus	AntiVirus
amoforms	amoForms
wp-security-scan	Acunetix WP Security
list-category-posts	List category posts
favicon-by-realfavicongenerator	Favicon by RealFaviconGenerator
amp	AMP
google-sitemap-plugin	Google Sitemap by BestWebSoft
revision-control	Revision Control
xml-sitemap-feed	XML Sitemap &amp; Google News feeds
megamenu	Max Mega Menu
flamingo	Flamingo
wp-jalali	wp-jalali
comprehensive-google-map-plugin	Comprehensive Google Map Plugin
siteguard	SiteGuard WP Plugin
google-maps-widget	Google Maps Widget
relevanssi	Relevanssi - A Better Search
fancybox-for-wordpress	FancyBox for WordPress
contact-form-7-datepicker	Contact Form 7 Datepicker
table-of-contents-plus	Table of Contents Plus
child-theme-configurator	Child Theme Configurator
count-per-day	Count per Day
post-duplicator	Post Duplicator
facebook-comments-plugin	Facebook Comments
wp-jquery-lightbox	WP jQuery Lightbox
google-language-translator	Google Language Translator
master-slider	Master Slider - Responsive Touch Slider
all-404-redirect-to-homepage	All 404 Redirect to Homepage
wordpress-backup-to-dropbox	WordPress Backup to Dropbox
genesis-enews-extended	Genesis eNews Extended
facebook-like-box-widget	Facebook Like Box Widget
advanced-excerpt	Advanced Excerpt
google-document-embedder	Google Doc Embedder
wp-postratings	WP-PostRatings
easy-facebook-likebox	Easy Facebook Like Box - Custom Facebook Feed - Auto PopUp
seo-automatic-links	SEO Smart Links
header-footer	Header and Footer
easy-table	Easy Table
custom-field-template	Custom Field Template
custom-login	Custom Login
blogger-importer	Blogger Importer
woocommerce-gateway-stripe	WooCommerce Stripe Payment Gateway
genesis-simple-hooks	Genesis Simple Hooks
stops-core-theme-and-plugin-updates	Easy Updates Manager
automatic-updater	Advanced Automatic Updates
search-everything	Search Everything
auto-terms-of-service-and-privacy-policy	Auto Terms of Service and Privacy Policy
yith-woocommerce-zoom-magnifier	YITH WooCommerce Zoom Magnifier
q2w3-fixed-widget	Q2W3 Fixed Widget
pushpress	PuSHPress
ckeditor-for-wordpress	CKEditor for WordPress
so-css	SiteOrigin CSS
cms-tree-page-view	CMS Tree Page View
subscribe2	Subscribe2
bwp-minify	Better WordPress Minify
oauth-twitter-feed-for-developers	oAuth Twitter Feed for Developers
hide-title	Hide Title
soliloquy-lite	Responsive WordPress Slider - Soliloquy Lite
nav-menu-roles	Nav Menu Roles
download-manager	WordPress Download Manager
dynamic-widgets	Dynamic Widgets
responsive-add-ons	Responsive Add Ons
wp-review	WP Review
use-google-libraries	Use Google Libraries
reveal-ids-for-wp-admin-25	Reveal IDs
wp-tab-widget	WP Tab Widget
form-maker	Form
responsive-menu	Responsive Menu
tweet-old-post	Revive Old Post (Former Tweet Old Post)
simple-image-widget	Simple Image Widget
easing-slider	Easing Slider
ps-disable-auto-formatting	PS Disable Auto Formatting
category-posts	Category Posts Widget
yith-woocommerce-ajax-navigation	YITH WooCommerce Ajax Product Filter
menu-icons	Menu Icons
custom-permalinks	Custom Permalinks
option-tree	OptionTree
add-from-server	Add From Server
enhanced-media-library	Enhanced Media Library
zopim-live-chat	Zendesk Chat
one-click-child-theme	One-Click Child Theme
peters-login-redirect	Peter&#039;s Login Redirect
uk-cookie-consent	Cookie Consent
gallery-images	Gallery
contact-form-builder	Form Builder
gallery-plugin	Gallery by BestWebSoft
facebook-pagelike-widget	Facebook Widget
pc-google-analytics	Google Analytics
sitemap	Sitemap
genesis-responsive-slider	Genesis Responsive Slider
lazy-load	Lazy Load
widget-css-classes	Widget CSS Classes
meteor-slides	Meteor Slides
download-monitor	Download Monitor
wp-job-manager	WP Job Manager
cyclone-slider-2	Cyclone Slider 2
display-posts-shortcode	Display Posts Shortcode
duplicate-page	Duplicate Page
smart-youtube	Smart YouTube PRO
foobox-image-lightbox	FooBox Image Lightbox
404-to-301	404 to 301
wp-to-twitter	WP to Twitter
xcloner-backup-and-restore	XCloner - Backup and Restore
ultimate-social-media-icons	Social Media and Share Icons (Ultimate Social Media)
portfolio-post-type	Portfolio Post Type
lightbox-gallery	Lightbox Gallery
wp-shortcode	WP Shortcode by MyThemeShop
search-regex	Search Regex
cryout-theme-settings	Cryout Serious Theme Settings
simple-image-sizes	Simple Image Sizes
tiny-compress-images	Compress JPEG &amp; PNG images
nextend-facebook-connect	Nextend Facebook Connect
simple-social-buttons	Simple Social Buttons
wp-google-map-plugin	WP Google Map Plugin
contact-form-maker	Contact Form
google-calendar-events	Simple Calendar - Google Calendar Plugin
accesspress-social-icons	Social Icons WordPress Plugin - AccessPress Social Icons
cmb2	CMB2
better-delete-revision	Better Delete Revision
amr-shortcode-any-widget	amr shortcode any widget
maxbuttons	WordPress Button Plugin MaxButtons
wp-video-lightbox	WP Video Lightbox
email-address-encoder	Email Address Encoder
secure-wordpress	Acunetix Secure WordPress
wp-paginate	WP-Paginate
login-customizer	Custom Login Page Customizer
timthumb-vulnerability-scanner	Timthumb Vulnerability Scanner
wps-hide-login	WPS Hide Login
widgets-on-pages	Widgets on Pages
custom-post-type-permalinks	Custom Post Type Permalinks
really-simple-csv-importer	Really Simple CSV Importer
easy-twitter-feed-widget	Easy Twitter Feed Widget Plugin
subscribe-to-comments	Subscribe to Comments
email-subscribers	Email Subscribers &amp; Newsletters
codepress-admin-columns	Admin Columns
wp-members	WP-Members: Membership Framework
jquery-colorbox	jQuery Colorbox
popup-maker	Popup Maker
wp-piwik	WP-Piwik
block-bad-queries	BBQ: Block Bad Queries
spam-free-wordpress	Spam Free WordPress
404-to-start	404 to Start
widget-settings-importexport	Widget Settings Importer/Exporter
rvg-optimize-database	Optimize Database after Deleting Revisions
wordpress-popup	WordPress PopUp - Popover Maker
categories-images	Categories Images
instagram-slider-widget	Instagram Slider Widget
smk-sidebar-generator	SMK Sidebar Generator
disable-xml-rpc-pingback	Disable XML-RPC Pingback
feedwordpress	FeedWordPress
accesspress-social-share	Social Share WordPress Plugin - AccessPress Social Share
foogallery	Foo Gallery
envira-gallery-lite	Responsive WordPress Gallery - Envira Gallery Lite
remove-query-strings-from-static-resources	Remove Query Strings From Static Resources
user-switching	User Switching
lockdown-wp-admin	Lockdown WP Admin
no-category-base-wpml	No Category Base (WPML)
similar-posts	Similar Posts - Powerful Related Posts Plugin
wp-author-date-and-meta-remover	WP Author, Date and Meta Remover
asesor-cookies-para-la-ley-en-espana	Asesor de Cookies para normativa española
jquery-collapse-o-matic	Collapse-O-Matic
enhanced-text-widget	Enhanced Text Widget
duracelltomi-google-tag-manager	DuracellTomi&#039;s Google Tag Manager for WordPress
custom-contact-forms	Custom Contact Forms
eu-cookie-law	EU Cookie Law
seo-redirection	SEO Redirection Plugin
pdf-embedder	PDF Embedder
printfriendly	Print Friendly and PDF Button
widget-context	Widget Context
testimonials-by-woothemes	Testimonials by WooThemes
advanced-access-manager	Advanced Access Manager
contextual-related-posts	Contextual Related Posts
404-redirection	404 Redirection
multiple-post-thumbnails	Multiple Post Thumbnails
google-captcha	Google Captcha (reCAPTCHA) by BestWebSoft
really-simple-ssl	Really Simple SSL
testimonials-widget	Testimonials Widget
wp-responsive-menu	WP Responsive Menu
bad-behavior	Bad Behavior
post-expirator	Post Expirator
exploit-scanner	Exploit Scanner
login-with-ajax	Login With Ajax
disable-xml-rpc	Disable XML-RPC
contact-form-7-dynamic-text-extension	Contact Form 7 Dynamic Text Extension
twitter	Twitter
dynamic-featured-image	Dynamic Featured Image
woocommerce-pdf-invoices-packing-slips	WooCommerce PDF Invoices &amp; Packing Slips
godaddy-email-marketing-sign-up-forms	GoDaddy Email Marketing
edit-author-slug	Edit Author Slug
head-cleaner	Head Cleaner
sydney-toolbox	Sydney Toolbox
sidebar-login	Sidebar Login
coming-soon-maintenance-mode-from-acurax	Under Construction / Maintenance Mode from Acurax
advanced-responsive-video-embedder	Advanced Responsive Video Embedder
recent-posts-widget-with-thumbnails	Recent Posts Widget With Thumbnails
wp-product-review	WP Product Review Lite
wp-database-backup	WP Database Backup
wp-all-import	Import any XML or CSV File to WordPress
bulk-delete	Bulk Delete
easy-digital-downloads	Easy Digital Downloads
wp-add-custom-css	WP Add Custom CSS
facebook-conversion-pixel	Facebook Conversion Pixel
adrotate	AdRotate
smart-slider-3	Smart Slider 3
editorial-calendar	Editorial Calendar
slider-wd	Slider
wp-construction-mode	WP Construction Mode
floating-social-media-icon	Social Media Flying Icons | Floating Social Media Icon
taxonomy-metadata	Taxonomy Metadata
crayon-syntax-highlighter	Crayon Syntax Highlighter
simple-page-sidebars	Simple Page Sidebars
wpfront-user-role-editor	WPFront User Role Editor
powerpress	Blubrry PowerPress Podcasting plugin
backup	BackupGuard
twitter-widget-pro	Twitter Widget Pro
nk-google-analytics	NK Google Analytics
clean-and-simple-contact-form-by-meg-nicholas	Contact Form Clean and Simple
easy-bootstrap-shortcodes	Easy Bootstrap Shortcode
call-now-button	Call Now Button
eps-301-redirects	Eggplant 301 Redirects
wp-hide-post	WP Hide Post
post-type-switcher	Post Type Switcher
accesspress-social-counter	Social Counter for WordPress - AccessPress Social Counter
page-list	Page-list
mailchimp-forms-by-mailmunch	MailChimp Forms by MailMunch
hyper-cache	Hyper Cache
wp-copyprotect	WP-CopyProtect [Protect your blog posts]
multi-plugin-installer	Multi Plugin Installer
syntaxhighlighter	SyntaxHighlighter Evolved
genesis-simple-sidebars	Genesis Simple Sidebars
lightbox	Lightbox
ultimate-social-media-plus	Social Media
paid-memberships-pro	Paid Memberships Pro
youtube-channel-gallery	Youtube Channel Gallery
scroll-back-to-top	Scroll Back To Top
portfolio-gallery	Portfolio
wp-gallery-custom-links	WP Gallery Custom Links
woocommerce-multilingual	WooCommerce Multilingual - run WooCommerce with WPML
no-comments	No Comments
post-thumbnail-editor	Post Thumbnail Editor
simple-sitemap	Simple Sitemap
wordpress-social-login	WordPress Social Login
facebook-by-weblizar	Facebook
wp-customer-reviews	WP Customer Reviews
mashsharer	Social Media Share Buttons | MashShare
leaflet-maps-marker	Leaflet Maps Marker (Google Maps, OpenStreetMap, Bing Maps)
ultimate-form-builder-lite	Contact Form for WordPress - Ultimate Form Builder Lite
rss-importer	RSS Importer
remove-category-url	Remove Category URL
resize-image-after-upload	Resize Image After Upload
wordpress-simple-paypal-shopping-cart	WordPress Simple Paypal Shopping Cart
wp-e-commerce	WP eCommerce
jquery-updater	jQuery Updater
content-views-query-and-display-post-page	Display Posts Grid, List Without Coding - Content Views
cleantalk-spam-protect	Spam Protection by CleanTalk (no Captcha Anti-Spam)
wassup	WassUp Real Time Analytics
post-type-archive-links	Post Type Archive Link
google-maps	Google Maps
wp-content-copy-protector	WP Content Copy Protection &amp; No Right Click
widget-shortcode	Widget Shortcode
contact-form-to-email	Contact Form Email
all-in-one-schemaorg-rich-snippets	All In One Schema.org Rich Snippets
yikes-inc-easy-mailchimp-extender	Easy Forms for MailChimp
font	Font - official webfonts plugin of Fonts For Web. NO CODING! Just click &amp; change font size, colo
wp-total-hacks	WP Total Hacks
paypal-donations	PayPal Donations
hide-my-wp	Hide My WordPress
analytics-counter	Google Analytics Counter Tracker
profile-builder	User registration &amp; user profile - Profile Builder
wordpress-database-reset	WordPress Database Reset
wp-mail-bank	Mail Bank - PHP Mail &amp; SMTP Plugin
related-posts	Related Posts
baidu-sitemap-generator	Baidu Sitemap Generator
user-access-manager	User Access Manager
ssl-insecure-content-fixer	SSL Insecure Content Fixer
gallery-by-supsystic	Photo Gallery by Supsystic
raw-html	Raw HTML
wp125	WP125
wonderm00ns-simple-facebook-open-graph-tags	Facebook Open Graph, Google+ and Twitter Card Tags
magee-shortcodes	Magee Shortcodes
bootstrap-3-shortcodes	Bootstrap Shortcodes for WordPress
gzip-ninja-speed-compression	GZip Ninja Speed Compression
theme-junkie-custom-css	TJ Custom CSS
easy-social-icons	Easy Social Icons
like-box	Facebook Like Box
wp-spamfree	WP-SpamFree Anti-Spam
wp-simple-firewall	Shield WordPress Security
wysiwyg-widgets	Widget Content Blocks
hupso-share-buttons-for-twitter-facebook-google	Hupso Share Buttons for Twitter, Facebook &amp; Google+
wp-realtime-sitemap	WP Realtime Sitemap
wp-photo-album-plus	WP Photo Album Plus
json-api	JSON API
capability-manager-enhanced	Capability Manager Enhanced
dynamic-to-top	Dynamic &quot;To Top&quot; Plugin
php-code-for-posts	PHP Code for posts
ssh-sftp-updater-support	SSH SFTP Updater Support
feed-them-social	Feed Them Social - Facebook, Instagram, Twitter, Vine, Pinterest, etc
feedburner-plugin	FD Feedburner Plugin
gtranslate	Translate WordPress with GTranslate
no-self-ping	No Self Pings
easy-adsense-lite	Easy Plugin for AdSense
comet-cache	Comet Cache
varnish-http-purge	Varnish HTTP Purge
tawkto-live-chat	Tawk.to Live Chat
wp-subscribe	WP Subscribe
pods	Pods - Custom Content Types and Fields
favicon-rotator	Favicon Rotator
wp-crontrol	WP Crontrol
sendgrid-email-delivery-simplified	SendGrid
accesspress-twitter-feed	Twitter Feed for WordPress - AccessPress Twitter Feed
bj-lazy-load	BJ Lazy Load
csv-importer	CSV Importer
wpide	WPide
slideshow-gallery	Tribulant Slideshow Gallery
page-scroll-to-id	Page scroll to id
woocommerce-customizer	WooCommerce Customizer
woocommerce-grid-list-toggle	WooCommerce Grid / List toggle
mw-wp-form	MW WP Form
intergeo-maps	WordPress Google Maps Plugin Lite
svg-support	SVG Support
woocommerce-delivery-notes	WooCommerce Print Invoice &amp; Delivery Note
wp-security-audit-log	WP Security Audit Log
site-is-offline-plugin	Site Offline or Coming Soon
user-photo	User Photo
html-sitemap	HTML Page Sitemap
simple-history	Simple History
better-font-awesome	Better Font Awesome
unyson	Unyson
baw-login-logout-menu	Login Logout Menu
font-awesome-4-menus	Font Awesome 4 Menus
easy-smooth-scroll-links	Easy Smooth Scroll Links
compact-wp-audio-player	Compact WP Audio Player
tracking-code-manager	Tracking Code Manager
advanced-wp-columns	Advanced WP Columns
event-organiser	Event Organiser
ad-injection	Ad Injection
visitor-maps	Visitor Maps and Who&#039;s Online
gallery-video	Gallery - Video Gallery
disable-emojis	Disable Emojis
multi-device-switcher	Multi Device Switcher
pixtypes	PixTypes
wd-instagram-feed	Instagram
ultimate-member	Ultimate Member
woocommerce-checkout-manager	WooCommerce Checkout Manager
aryo-activity-log	Activity Log
wp-print	WP-Print
flash-album-gallery	Gallery - Flagallery Photo Portfolio
easy-testimonials	Easy Testimonials
heartbeat-control	Heartbeat Control
rest-api	WordPress REST API (Version 2)
dropbox-backup	Backup &amp; Restore Dropbox
search-meter	Search Meter
wp-rss-aggregator	WP RSS Aggregator
coming-soon-page	Coming soon and Maintenance mode
tubepress	TubePress
wp-updates-notifier	WP Updates Notifier
s2member	s2Member Framework (Member Roles, Capabilities, Membership, PayPal Members)
really-simple-facebook-twitter-share-buttons	Really Simple Share
oa-social-login	Social Login
nginx-helper	Nginx Helper
rocket-maintenance-mode	Maintenance Mode
alpine-photo-tile-for-instagram	Alpine PhotoTile for Instagram
wp-content-copy-protection	WP Content Copy Protection
wpforms-lite	Easy WordPress Contact Form Plugin - WPForms Lite
simple-map	Simple Map
wufoo-shortcode	Wufoo Shortcode Plugin
woocommerce-menu-bar-cart	WooCommerce Menu Cart
ad-inserter	Ad Inserter
spider-event-calendar	Calendar Event
awesome-weather	Awesome Weather Widget
my-calendar	My Calendar
crazy-bone	Crazy Bone
posts-in-page	Posts in Page
ultimate-posts-widget	Ultimate Posts Widget
acurax-social-media-widget	Social Media Widget by Acurax
duplicate-page-and-post	Duplicate Page and Post
ag-custom-admin	AG Custom Admin
my-custom-css	My Custom CSS
booking	Booking Calendar
any-mobile-theme-switcher	Any Mobile Theme Switcher
social-count-plus	Social Count Plus
no-page-comment	No Page Comment
video-embed-thumbnail-generator	Video Embed &amp; Thumbnail Generator
gallery-bank	Gallery Bank - Photo Galleries &amp; Albums
wp-admin-ui-customize	WP Admin UI Customize
advanced-iframe	Advanced iFrame
caldera-forms	Caldera Forms - Drag and drop responsive WordPress form builder
top-10	Top 10  - Popular posts plugin for WordPress
delete-all-comments	Delete All Comments
theme-test-drive	Theme Test Drive
bruteprotect	BruteProtect
woocommerce-google-analytics-integration	WooCommerce Google Analytics Integration
wc-shortcodes	WP Canvas - Shortcodes
youtube-embed	YouTube Embed
kirki	Kirki
php-text-widget	PHP Text Widget
calendar	Calendar
templatesnext-toolkit	TemplatesNext ToolKit
woocommerce-gateway-paypal-powered-by-braintree	WooCommerce PayPal Powered by Braintree Payment Gateway
genesis-title-toggle	Genesis Title Toggle
ditty-news-ticker	Ditty News Ticker
ultimate-responsive-image-slider	Ultimate Responsive Image Slider
customizer-export-import	Customizer Export/Import
stop-spammer-registrations-plugin	Stop Spammers Spam Prevention
features-by-woothemes	Features by WooThemes
kk-star-ratings	kk Star Ratings
facebook-button-plugin	Facebook Button by BestWebSoft
newsletter-sign-up	Newsletter Sign-Up
custom-field-suite	Custom Field Suite
related-posts-thumbnails	Related Posts Thumbnails
yith-woocommerce-quick-view	YITH WooCommerce Quick View
amazon-web-services	Amazon Web Services
custom-post-widget	Custom Post Widget
styles	Styles
formget-contact-form	FormGet Contact Form
speed-booster-pack	Speed Booster Pack
tabby-responsive-tabs	Tabby Responsive Tabs
contact-bank	Contact Bank - Contact Forms Builder
svg-vector-icon-plugin	WP SVG Icons
nofollow	Ultimate Nofollow
wp-useronline	WP-UserOnline
facebook-auto-publish	Facebook Auto Publish
bwp-recaptcha	Better WordPress reCAPTCHA (with no CAPTCHA reCAPTCHA)
contact-form-7-mailchimp-extension	Contact Form 7 MailChimp Extension
lightweight-social-icons	Lightweight Social Icons
pc-robotstxt	Virtual Robots.txt
kiwi-logo-carousel	Logo Carousel
debug-bar	Debug Bar
popups	Popups - WordPress Popup
advanced-image-styles	Advanced Image Styles
live-composer-page-builder	Page Builder: Live Composer - drag and drop website builder (visual front end site editor)
wpmandrill	wpMandrill
italy-cookie-choices	Italy Cookie Choices (for EU Cookie Law)
flexi-pages-widget	Flexi Pages Widget
baw-post-views-count	Post Views Count (Support caching plugins!)
weaver-ii-theme-extras	Weaver II Theme Extras
twitter-facebook-google-plusone-share	Add Twitter, Facebook Like, Google plus one Social share
woocommerce-colors	WooCommerce Colors
rotatingtweets	Rotating Tweets (Twitter widget and shortcode)
ultimate-category-excluder	Ultimate Category Excluder
media-library-assistant	Media Library Assistant
show-hide-author	Show Hide Author
pixcodes	PixCodes
easy-pricing-tables	Pricing Table Builder - Easy Pricing Tables
child-themify	Child Themify
content-aware-sidebars	Content Aware Sidebars
wp-performance-score-booster	WP Performance Score Booster
safe-redirect-manager	Safe Redirect Manager
persian-woocommerce	Persian Woocommerce
fourteen-colors	Fourteen Colors
social-sharing-toolkit	Social Sharing Toolkit
menu-social-icons	Menu Social Icons
admin-menu-tree-page-view	Admin Menu Tree Page View
wp-socializer	WP Socializer
wunderground	Weather Underground
statify	Statify
ga-google-analytics	GA Google Analytics
wp-sweep	WP-Sweep
video-sidebar-widgets	Video Sidebar Widgets
easy-watermark	Easy Watermark
wp-super-cache-clear-cache-menu	WP Super Cache - Clear all cache
insert-html-snippet	Insert Html Snippet
mp3-jplayer	MP3-jPlayer
rss-includes-pages	RSS Includes Pages
pinterest-pin-it-button	Pinterest &quot;Pin It&quot; Button
audit-trail	Audit Trail
wp-insert	Wp-Insert
wowslider	WOW Slider
vaultpress	VaultPress
aqua-page-builder	Aqua Page Builder
lj-maintenance-mode	Maintenance Mode
code-snippets	Code Snippets
testimonial-rotator	Testimonial Rotator
flexible-posts-widget	Flexible Posts Widget
i-recommend-this	I Recommend This
yuzo-related-post	Related Posts
remove-google-fonts-references	Remove Google Fonts References
better-analytics	Better Google Analytics
ozh-admin-drop-down-menu	Ozh&#039; Admin Drop Down Menu
only-tweet-like-share-and-google-1	Tweet, Like, Google +1 and Share
sem-external-links	External Links
related-posts-by-zemanta	Related Posts by Zemanta
wp-backitup	Backup &amp; Restore WPBackItUp
add-logo-to-admin	Add Logo to Admin
youtube-widget-responsive	Youtube Widget Responsive
wp-flexible-map	Flexible Map
bootstrap-for-contact-form-7	Bootstrap for Contact Form 7
attachments	Attachments
wp-external-links	WP External Links (nofollow new tab seo)
squirrly-seo	SEO by SQUIRRLY™
mailgun	Mailgun for WordPress
advanced-random-posts-widget	Advanced Random Posts Widget
erident-custom-login-and-dashboard	Erident Custom Login and Dashboard
gwolle-gb	Gwolle Guestbook
image-watermark	Image Watermark
subscribe-to-comments-reloaded	Subscribe To Comments Reloaded
all-in-one-webmaster	All in One Webmaster
saphali-woocommerce-lite	Saphali Woocommerce Russian
google-maps-easy	Google Maps Easy
carousel-without-jetpack	Gallery Carousel Without JetPack
under-construction-wp	Under Construction WP
addon-so-widgets-bundle	Ultimate Addons for SiteOrigin
easy-pie-coming-soon	EZP Coming Soon Page
wp-twitter-feeds	WP twitter feeds
imagify	Imagify Image Optimizer
woocommerce-csvimport	Woocommerce CSV importer
bm-custom-login	Custom Login
ultimate-maintenance-mode	Ultimate Maintenance Mode
remove-dashboard-access-for-non-admins	Remove Dashboard Access
wc-gallery	WP Canvas - Gallery
iq-block-country	iQ Block Country
easy-pie-maintenance-mode	EZP Maintenance Mode
stealth-login-page	Stealth Login Page
homepage-control	Homepage Control
commentluv	CommentLuv
header-and-footer-scripts	Header and Footer Scripts
fruitful-shortcodes	Fruitful Shortcodes
jquery-pin-it-button-for-images	jQuery Pin It Button For Images
projects-by-woothemes	Projects by WooThemes
clicky	Clicky by Yoast
customify	Customify - A Theme Customizer Booster
wp-limit-login-attempts	WP Limit Login Attempts
manual-image-crop	Manual Image Crop
login-security-solution	Login Security Solution
fonts	Fonts
custom-meta-widget	Custom Meta Widget
calculated-fields-form	Calculated Fields Form
popup-builder	Popup
open-external-links-in-a-new-window	Open external links in a new window
nextcellent-gallery-nextgen-legacy	NextCellent Gallery - NextGEN Legacy
footer-putter	Footer Putter
responsive-select-menu	Responsive Select Menu
wp-better-emails	WP Better Emails
visitors-traffic-real-time-statistics	Visitors Traffic Real Time Statistics
shortpixel-image-optimiser	ShortPixel Image Optimizer
woocommerce-all-in-one-seo-pack	WooCommerce - All in One SEO Pack
woocommerce-pagseguro	WooCommerce PagSeguro
codepeople-post-map	Google Maps CP
wpgform	Google Forms
woocommerce-exporter	WooCommerce - Store Exporter
simple-follow-me-social-buttons-widget	Simple Follow Me Social Buttons Widget
admin-custom-login	Customize WordPress Login Page
add-link-to-facebook	Add Link to Facebook
transposh-translation-filter-for-wordpress	Transposh WordPress Translation
extended-categories-widget	AVH Extended Categories Widgets
advanced-ads	Advanced Ads
wp-seo-qtranslate-x	Integration: Yoast SEO &amp; qTranslate-X
codelights-shortcodes-and-widgets	SiteOrigin Widgets by CodeLights
smooth-slider	Smooth Slider
custom-share-buttons-with-floating-sidebar	Custom Share Buttons with Floating Sidebar
disable-feeds	Disable Feeds
bulk-page-creator	Bulk Page Creator
js-composer-qtranslate-x	WPBakery Visual Composer &amp; qTranslate-X
favicon-xt-manager	Favicon XT-Manager
contact-form-add	Contact Form
wplegalpages	WP Legal Pages
wp-fail2ban	WP fail2ban
easy-modal	Easy Modal
itro-popup	ITRO Popup Plugin
floating-social-bar	Floating Social Bar
file-manager	File Manager
genesis-favicon-uploader	Genesis Favicon Uploader
recent-facebook-posts	Recent Facebook Posts
woocommerce-jetpack	Booster for WooCommerce
new-google-plus-badge-widget	New Google Plus Badge Widget
featured-video-plus	Featured Video Plus
wpfront-scroll-top	WPFront Scroll Top
newpost-catch	Newpost Catch
forget-about-shortcode-buttons	Forget About Shortcode Buttons
ad-widget	WordPress Ad Widget
fv-top-level-cats	FV Top Level Categories
post-views-counter	Post Views Counter
orbisius-child-theme-creator	Child Theme Creator by Orbisius
post-snippets	Post Snippets
wp-live-chat-support	WP Live Chat Support
wp-share-buttons-analytics-by-getsocial	Social Share Buttons &amp; Analytics by GetSocial
what-the-file	What The File
super-socializer	Super Socializer
jquery-smooth-scroll	jQuery Smooth Scroll
amazon-s3-and-cloudfront	WP Offload S3 Lite
simply-exclude	Simply Exclude
metronet-reorder-posts	Reorder Posts
buddypress-media	rtMedia for WordPress, BuddyPress and bbPress
rus-to-lat-advanced	rus to lat advanced
image-slider-widget	Slider
go-live-update-urls	Go Live Update URLS
kimili-flash-embed	Kimili Flash Embed
landing-pages	WordPress Landing Pages
google-maps-builder	Maps Builder - Google Maps Plugin
embed-any-document	Embed Any Document
email-encoder-bundle	Email Encoder Bundle - Protect Email Address
easy-coming-soon	Easy Coming Soon
easy-video-player	Easy Video Player
facebook-members	Facebook Members
robo-gallery	Gallery - Photo Gallery and Images Gallery
wp-pro-quiz	Wp-Pro-Quiz
cloudflare-flexible-ssl	CloudFlare Flexible SSL
contact-form-email	Contact Form
wp-noexternallinks	WP No External Links
duplicate-menu	Duplicate Menu
rich-text-tags	Rich Text Tags
simple-google-map	Simple Google Map
wordpress-reset	WordPress Reset
animate-it	Animate It!
hide-admin-bar-from-non-admins	Hide Admin Bar from Non-Admins
quick-adsense-reloaded	AdSense Plugin WP QUADS
page-or-post-clone	Page and Post Clone
wp-nested-pages	Nested Pages
meta-manager	Meta Manager
simple-facebook-plugin	Simple Facebook Plugin
yop-poll	YOP Poll
wp-htaccess-control	WP htaccess Control
advanced-sidebar-menu	Advanced Sidebar Menu
wp-site-migrate	WP Engine Automated Migration
pinterest-pin-it-button-on-image-hover-and-post	Pinterest Pin It Button On Image Hover And Post
website-monetization-by-magenet	Website Monetization by MageNet
social-share-buttons-by-supsystic	Social Share Buttons by Supsystic
user-submitted-posts	User Submitted Posts
jquery-t-countdown-widget	T(-) Countdown
simple-twitter-tweets	Simple Twitter Tweets
https-redirection	Easy HTTPS Redirection
forms-contact	Forms
co-authors-plus	Co-Authors Plus
rss-footer	RSS Footer
taxonomy-images	Taxonomy Images
icegram	All in One Email Optin, Popup, Subscription and Traffic Conversion Plugin - Icegram
hide-my-site	Hide My Site
our-team-enhanced	Our Team Showcase
facebook-page-promoter-lightbox	Facebook Page Promoter Lightbox
simple-full-screen-background-image	Simple Full Screen Background Image
shortcoder	Shortcoder
brute-force-login-protection	Brute Force Login Protection
custom-favicon	Custom Favicon
fv-wordpress-flowplayer	FV Flowplayer Video Player
paypal-for-woocommerce	PayPal for WooCommerce
contact-form-7-add-confirm	Contact Form 7 add confirm
meta-tag-manager	Meta Tag Manager
genesis-simple-share	Genesis Simple Share
wpml-widgets	WPML Widgets
ajax-load-more	Ajax Load More - Infinite Scroll
wp-sticky	WP-Sticky
restricted-site-access	Restricted Site Access
custom-menu-wizard	Custom Menu Wizard Widget
rss-post-importer	RSS Post Importer
simple-css	Simple CSS
sticky-menu-or-anything-on-scroll	Sticky Menu (or Anything!) on Scroll
logo-slider	Logo Slider
drafts-scheduler	Drafts Scheduler
wp-maintenance	WP Maintenance
link-library	Link Library
simple-maintenance-mode	Maintenance Mode
facebook-thumb-fixer	Facebook Thumb Fixer
ifeature-slider	iFeature Slider
wp-ban	WP-Ban
genesis-translations	Genesis Translations
strictly-autotags	Strictly Auto Tags
one-click-close-comments	One Click Close Comments
wp-store-locator	WP Store Locator
typekit-fonts-for-wordpress	Typekit Fonts for WordPress
wp-math-captcha	Math Captcha
wp-facebook-open-graph-protocol	WP Facebook Open Graph protocol
wp-recaptcha-integration	WordPress ReCaptcha Integration
mail-subscribe-list	Mail Subscribe List
cpt-bootstrap-carousel	CPT Bootstrap Carousel
comments-from-facebook	Facebook comments WordPress
public-post-preview	Public Post Preview
wordpress-mobile-pack	WordPress Mobile Pack
spiderblocker	Spider Blocker
cachify	Cachify
posts-to-posts	Posts 2 Posts
ecwid-shopping-cart	Ecwid Ecommerce Shopping Cart
advanced-post-slider	Advanced post slider
media-file-renamer	Media File Renamer
qtranslate-slug	Qtranslate Slug
wp-job-manager-contact-listing	WP Job Manager - Contact Listing
acf-field-date-time-picker	Date and Time Picker Field
shortcode-widget	Shortcode Widget
admin-management-xtended	Admin Management Xtended
email-before-download	Email Before Download
grand-media	Gallery - Gmedia Photo Gallery. Music Player, Video Gallery, Media Library
google-universal-analytics	Google Universal Analytics
woocommerce-sequential-order-numbers	WooCommerce Sequential Order Numbers
kebo-twitter-feed	Kebo Twitter Feed
woocommerce-xml-csv-product-import	Import Products from any XML or CSV to WooCommerce
show-current-template	Show Current Template
gregs-high-performance-seo	Greg&#039;s High Performance SEO
google-authenticator	Google Authenticator
breadcrumb-trail	Breadcrumb Trail
wp-editor-widget	WP Editor Widget
acf-qtranslate	ACF qTranslate
event-calendar-wd	Calendar Event WD
cms-commander-client	CMS Commander Client
query-monitor	Query Monitor
popup-by-supsystic	Popup by Supsystic
nav-menu-images	Nav Menu Images
meks-flexible-shortcodes	Meks Flexible Shortcodes
stats-counter	Analytics Stats Counter Statistics
wp-media-library-categories	Media Library Categories
yandex-metrika	Яндекс Метрика
social-media-icons-widget	Social Icons Widget
widgetize-pages-light	Widgetize Pages Light
easy-social-share-buttons	Easy Social Share Buttons
check-email	Check Email
woocommerce-correios	WooCommerce Correios
smart-slider-2	Smart Slider 2
business-directory-plugin	Business Directory Plugin
wp-meta-and-date-remover	WP Meta and date remover
cardoza-facebook-like-box	Facebook Like Box
elementor	Elementor Page Builder
pagerestrict	Page Restrict
admin-post-navigation	Admin Post Navigation
wp-page-widget	WP Page Widget
wordpress-easy-paypal-payment-or-donation-accept-plugin	WP Easy Paypal Payment Accept
bootstrap-shortcodes	Bootstrap Shortcodes
404page	404page - your smart custom 404 error page
css-javascript-toolbox	CSS &amp; JavaScript Toolbox
simple-membership	Simple Membership
yith-essential-kit-for-woocommerce-1	YITH Essential Kit for WooCommerce #1
horizontal-scrolling-announcement	Horizontal scrolling announcement
groups	Groups
wp-job-manager-locations	WP Job Manager - Predefined Regions
meks-smart-social-widget	Meks Smart Social Widget
embedplus-for-wordpress	YouTube Advanced Embed
cimy-user-extra-fields	Cimy User Extra Fields
showcase-visual-composer-addon	Showcase - Visual Composer Addon
responsive-slider	Responsive Slider
easy-image-gallery	Easy Image Gallery
google-pagespeed-insights	Google Pagespeed Insights for WordPress
genesis-connect-woocommerce	Genesis Connect for WooCommerce
responsive-lightbox-lite	Responsive Lightbox
meks-easy-ads-widget	Meks Easy Ads Widget
google	The Google+ plugin
gravity-forms-no-captcha-recaptcha	Gravity Forms No CAPTCHA reCAPTCHA
api-key-for-google-maps	API KEY for Google Maps
optimus	Optimus - WordPress Image Optimizer
soundcloud-is-gold	SoundCloud Is Gold
wp-mobile-detect	WP Mobile Detect
pixelyoursite	Facebook Pixel by PixelYourSite - Standard Events &amp; WooCommerce
woocommerce-quantity-increment	WooCommerce Quantity Increment
timber-library	Timber
contact-us-form	Contact Us Form
postie	Postie
accordion-shortcodes	Accordion Shortcodes
youtube-video-player	YouTube Embed WordPress
columns	Columns
polldaddy	Polldaddy Polls &amp; Ratings
widgets-for-siteorigin	Widgets for SiteOrigin
wp-social-sharing	WP Social Sharing
simple-login-log	Simple Login Log
simply-instagram	Simply Instagram
wp-email-login	WP Email Login
gravity-forms-custom-post-types	Gravity Forms + Custom Post Types
yith-maintenance-mode	YITH Maintenance Mode
accesspress-instagram-feed	AccessPress Instagram Feed
storefront-product-sharing	Storefront Product Sharing
welcome-email-editor	SB Welcome Email Editor
super-simple-google-analytics	Super Simple Google Analytics
leadin	Contact Forms &amp; Website Analytics by Leadin
backlinks-saver	Backlinks Saver
social-icons-widget-by-wpzoom	Social Icons Widget by WPZOOM
wck-custom-fields-and-custom-post-types-creator	Custom Post Types and Custom Fields creator - WCK
social-locker	OnePress Social Locker
wp-social-likes	Social Likes
simple-wp-sitemap	Simple Wp Sitemap
whats-new-genarator	What&#039;s New Generator
reset-wp	Reset WP
wp-parsidate	Parsi Date
advanced-text-widget	Advanced Text Widget
tumblr-importer	Tumblr Importer
jonradio-private-site	My Private Site
new-user-approve	New User Approve
json-rest-api	WP REST API (WP API)
facebook-page-feed-graph-api	Facebook Page Plugin
visualizer	WordPress Charts and Graphs Lite
woocommerce-products-filter	WooCommerce Products Filter
wordpress-social-ring	Social Ring (Facebook Like, Google +1, ReTweet, LinkedIn and Pin It)
portfolio-slideshow	Portfolio Slideshow
flickr-badges-widget	Flickr Badges Widget
export-user-data	Export User Data
meks-smart-author-widget	Meks Smart Author Widget
woocommerce-product-archive-customiser	WooCommerce Product Archive Customiser
soundy-background-music	Soundy Background Music
livemesh-siteorigin-widgets	Livemesh SiteOrigin Widgets
mobble	mobble
vanilla-pdf-embed	vanilla-pdf-embed
social-pug	Social Share Buttons - Social Pug
custom-css-js	Simple Custom CSS and JS
seo-wizard	SEO
click-to-tweet-by-todaymade	Click To Tweet
juiz-social-post-sharer	Juiz Social Post Sharer
inazo-advanced-ads-management	inazo-advanced-ads-management
dwnldr	dwnldr
real3d-flipbook	real3d-flipbook
woo-email-control	woo-email-control
membersonic-lite	membersonic-lite
order-import-export-for-woocommerce	order-import-export-for-woocommerce
ultimate-product-catalog	ultimate-product-catalog
fluid-respnsive-slideshow	fluid-respnsive-slideshow
easy-social-share-buttons-for-wordpress	easy-social-share-buttons-for-wordpress
ocim-mp3	ocim-mp3
multi-meta-box	multi-meta-box
woo-custom-checkout-field	woo-custom-checkout-field
monarch	monarch
bloom	bloom
wp-ultimate-exporter	wp-ultimate-exporter
remote-upload	remote-upload
import-woocommerce	import-woocommerce
csv-import	csv-import
unlimited-popups	unlimited-popups
instalinker	instalinker
js_composer	js_composer
royal-slider	royal-slider
wp-cerber	wp-cerber
simple-support-ticket-system	simple-support-ticket-system
resads	resads
cysteme-finder	cysteme-finder
watupro	watupro
car-rental-system	car-rental-system
wp-advance-comment	wp-advance-comment
mdc-private-message	mdc-private-message
faq-wd	faq-wd
payment-form-for-paypal-pro	payment-form-for-paypal-pro
hide_my_wp	hide_my_wp
peepso-core	peepso-core
3bubble-amazon-s3-html-5-video-with-adverts	3bubble-amazon-s3-html-5-video-with-adverts
robotcpa	robotcpa
portfolio-by-lisa-westlund	portfolio-by-lisa-westlund
imdb-widget	imdb-widget
defa-online-image-protector	defa-online-image-protector
dzs-zoomsounds	dzs-zoomsounds
securemoz-security-audit	securemoz-security-audit
wp-backup-plus	wp-backup-plus
wp-membership	wp-membership
wp-rollback	wp-rollback
woocommerce-product-addon	woocommerce-product-addon
whizz	whizz
unite-gallery-lite	unite-gallery-lite
sourceafrica	sourceafrica
echosign	echosign
showbizpro	showbizpro
wwc-amz-aff	wwc-amz-aff
premium-seo-pack	premium-seo-pack
wordpress-seo-premium	wordpress-seo-premium
fusion-engage	fusion-engage
mklasens-photobox	mklasens-photobox
wp-business-intelligence	wp-business-intelligence
estatik	estatik
ajax-search-pro	ajax-search-pro
wp-business-directory	wp-business-directory
image-export	image-export
gravityforms	gravityforms
ptengine-real-time-web-analytics-and-heatmap	ptengine-real-time-web-analytics-and-heatmap
google-map-wp	google-map-wp
wp-all-import-pro	wp-all-import-pro
tweet-wheel	tweet-wheel
syndication-links	syndication-links
give	give
ez-portfolio	ez-portfolio
contact-form-generator	contact-form-generator
wonderplugin-audio	wonderplugin-audio
wp-easy-poll-afo	wp-easy-poll-afo
indieweb-post-kinds	indieweb-post-kinds
hero-maps-pro	hero-maps-pro
content-grabber	content-grabber
wp-plotly	wp-plotly
encrypted-contact-form	encrypted-contact-form
aspose-cloud-ebook-generator	aspose-cloud-ebook-generator
zip-attachments	zip-attachments
xpinner-lite	xpinner-lite
x-forms-express	x-forms-express
wsecure	wsecure
wr-contactform	wr-contactform
wptf-image-gallery	wptf-image-gallery
wpsolr-search-engine	wpsolr-search-engine
wpshop	wpshop
wpdiscuz	wpdiscuz
wpbook	wpbook
wp-vipergb	wp-vipergb
wp-vertical-image-slider	wp-vertical-image-slider
wp-swimteam	wp-swimteam
wp-survey-and-poll	wp-survey-and-poll
wp-stats-dashboard	wp-stats-dashboard
wp-smiley	wp-smiley
wp-responsive-thumbnail-slider	wp-responsive-thumbnail-slider
wp-portfolio-gallery	wp-portfolio-gallery
wp-mon	wp-mon
wp-media-cleaner	wp-media-cleaner
wp-listings	wp-listings
wp-invoice	wp-invoice
wp-instance-rename	wp-instance-rename
wp-front-end-profile	wp-front-end-profile
wp-front-end-repository	wp-front-end-repository
wp-flash-player	wp-flash-player
wp-fast-cache	wp-fast-cache
wp-easy-slideshow	wp-easy-slideshow
wp-championship	wp-championship
wp-attachment-export	wp-attachment-export
wp-appointment-schedule-booking-system	wp-appointment-schedule-booking-system
wordpress-meta-robots	wordpress-meta-robots
wordpress-file-monitor	wordpress-file-monitor
woocommerce-store-toolkit	woocommerce-store-toolkit
woocommerce-abandoned-cart	woocommerce-abandoned-cart
website-contact-form-with-file-upload	website-contact-form-with-file-upload
webrotate-360-product-viewer	webrotate-360-product-viewer
users-to-csv	users-to-csv
user-meta-manager	user-meta-manager
updraft	updraft
universal-analytics	universal-analytics
ultimate-profile-builder	ultimate-profile-builder
tune-library	tune-library
titan-framework	titan-framework
tidio-gallery	tidio-gallery
tidio-form	tidio-form
ticket-manager	ticket-manager
the-holiday-calendar	the-holiday-calendar
tallykit	tallykit
supportflow	supportflow
stageshow	stageshow
sola-support-tickets	sola-support-tickets
simple-image-manipulator	simple-image-manipulator
simpel-reserveren	simpel-reserveren
seo-rank-reporter	seo-rank-reporter
se-html5-album-audio-player	se-html5-album-audio-player
safe-editor	safe-editor
s3bubble-amazon-s3-audio-streaming	s3bubble-amazon-s3-audio-streaming
s2member-secure-file-browser	s2member-secure-file-browser
roomcloud	roomcloud
rocket-responsive-gallery	rocket-responsive-gallery
responsive-category-slider	responsive-category-slider
relevant	relevant
rejected-wp-keyword-link-rejected	rejected-wp-keyword-link-rejected
redirection-page	redirection-page
recent-backups	recent-backups
really-simple-guest-post	really-simple-guest-post
random-image-gallery-with-pretty-photo-zoom	random-image-gallery-with-pretty-photo-zoom
quotes-and-tips	quotes-and-tips
pwgrandom	pwgrandom
prettyphoto	prettyphoto
postmatic	postmatic
pondol-formmail	pondol-formmail
pondol-carousel	pondol-carousel
plugmatter-optin-feature-box-lite	plugmatter-optin-feature-box-lite
php-event-calendar	php-event-calendar
persian-woocommerce-sms	persian-woocommerce-sms
paypal-currency-converter-basic-for-woocommerce	paypal-currency-converter-basic-for-woocommerce
parsi-font	parsi-font
onelogin-saml-sso	onelogin-saml-sso
onclick-show-popup	onclick-show-popup
olevmedia-shortcodes	olevmedia-shortcodes
oauth2-provider	oauth2-provider
nofollow-links	nofollow-links
new-year-firework	new-year-firework
neuvoo-jobroll	neuvoo-jobroll
nelio-ab-testing	nelio-ab-testing
navis-documentcloud	navis-documentcloud
mytreasures	mytreasures
mypixs	mypixs
myblogu	myblogu
my-wish-list	my-wish-list
my-link-order	my-link-order
music-store	music-store
multicons	multicons
monetize	monetize
mobile-domain	mobile-domain
memphis-documents-library	memphis-documents-library
mdc-youtube-downloader	mdc-youtube-downloader
matrix-image-gallery	matrix-image-gallery
markdown-on-save-improved	markdown-on-save-improved
mailcwp	mailcwp
mailchimp-subscribe-sm	mailchimp-subscribe-sm
mail-masta	mail-masta
leenkme	leenkme
lb-tube-video	lb-tube-video
kento-post-view-counter	kento-post-view-counter
job-manager	job-manager
jcwp-youtube-channel-embed	jcwp-youtube-channel-embed
izeechat	izeechat
ip-blacklist-cloud	ip-blacklist-cloud
indexisto	indexisto
incoming-links	incoming-links
inboundio-marketing	inboundio-marketing
images-lazyload-and-slideshow	images-lazyload-and-slideshow
image-metadata-cruncher	image-metadata-cruncher
ibs-mappro	ibs-mappro
i-dump-iphone-to-wordpress-photo-uploader	i-dump-iphone-to-wordpress-photo-uploader
history-collection	history-collection
hdw-tube	hdw-tube
gravity-file-ajax-upload-free	gravity-file-ajax-upload-free
googmonify	googmonify
google-adsense-and-hotel-booking	google-adsense-and-hotel-booking
gocodes	gocodes
ghost	ghost
gd-bbpress-attachments	gd-bbpress-attachments
freshmail-newsletter	freshmail-newsletter
foxyshop	foxyshop
fossura-tag-miner	fossura-tag-miner
form-lightbox	form-lightbox
fast-image-adder	fast-image-adder
fancyflickr	fancyflickr
facebook-page-photo-gallery	facebook-page-photo-gallery
elisqlreports	elisqlreports
ehive-account-details	ehive-account-details
ehive-object-details	ehive-object-details
easy2map	easy2map
easy2map-photos	easy2map-photos
easy-contact-form-solution	easy-contact-form-solution
easy-author-image	easy-author-image
e-search	e-search
dp-maintenance-mode-lite	dp-maintenance-mode-lite
download-zip-attachments	download-zip-attachments
double-opt-in-for-download	double-opt-in-for-download
database-sync	database-sync
custom-metas	custom-metas
csv2wpec-coupon	csv2wpec-coupon
crossslide-jquery-plugin-for-wordpress	crossslide-jquery-plugin-for-wordpress
crony	crony
cp-reservation-calendar	cp-reservation-calendar
cp-polls	cp-polls
cp-image-store	cp-image-store
copy-or-move-comments	copy-or-move-comments
contus-video-comments	contus-video-comments
contact-form-integrated-with-google-maps	contact-form-integrated-with-google-maps
commentator	commentator
cm-ad-changer	cm-ad-changer
clickbank-ads-clickbank-widget	clickbank-ads-clickbank-widget
claptastic-clap-button	claptastic-clap-button
captain-slider	captain-slider
candidate-application-form	candidate-application-form
broken-link-manager	broken-link-manager
brandfolder	brandfolder
bookmarkify	bookmarkify
aviary-image-editor-add-on-for-gravity-forms	aviary-image-editor-add-on-for-gravity-forms
avenirsoft-directdownload	avenirsoft-directdownload
auto-thickbox-plus	auto-thickbox-plus
aspose-pdf-exporter	aspose-pdf-exporter
aspose-importer-exporter	aspose-importer-exporter
aspose-doc-exporter	aspose-doc-exporter
appointment-calendar	appointment-calendar
anti-plagiarism	anti-plagiarism
zm-ajax-login-register	zm-ajax-login-register
zero-spam	zero-spam
yet-another-stars-rating	yet-another-stars-rating
wti-like-post	wti-like-post
wppizza	wppizza
wp-user-frontend	wp-user-frontend
wp-ultimate-csv-importer	wp-ultimate-csv-importer
wp-symposium-pro	wp-symposium-pro
wp-stats	wp-stats
wp-shop-original	wp-shop-original
wp-mobile-edition	wp-mobile-edition
wp-mobile-detector	wp-mobile-detector
wp-instagram-bank	wp-instagram-bank
amazon-product-in-a-post-plugin	amazon-product-in-a-post-plugin
wp-favorite-posts	wp-favorite-posts
wp-auto-affiliate-links	wp-auto-affiliate-links
wp-advanced-importer	wp-advanced-importer
wordpress-form-manager	wordpress-form-manager
altos-connect	altos-connect
websimon-tables	websimon-tables
wangguard	wangguard
video-playlist-and-gallery-plugin	video-playlist-and-gallery-plugin
ultimate-product-catalogue	ultimate-product-catalogue
uji-countdown	uji-countdown
testimonial-slider	testimonial-slider
stream	stream
social-share-button	social-share-button
smart-manager-for-wp-e-commerce	smart-manager-for-wp-e-commerce
simple-photo-gallery	simple-photo-gallery
simple-download-monitor	simple-download-monitor
simple-ads-manager	simple-ads-manager
simple-backup	simple-backup
albo-pretorio-on-line	albo-pretorio-on-line
sendpress	sendpress
searchterms-tagging-2	searchterms-tagging-2
role-scoper	role-scoper
related-posts-for-wp	related-posts-for-wp
ajax-search-lite	ajax-search-lite
quiz-master-next	quiz-master-next
ajax-random-post	ajax-random-post
private-only	private-only
pluscaptcha	pluscaptcha
plugnedit	plugnedit
plugin-central	plugin-central
pdf-print	pdf-print
nextend-twitter-connect	nextend-twitter-connect
nex-forms-express-wp-form-builder	nex-forms-express-wp-form-builder
newstatpress	newstatpress
my-page-order	my-page-order
miwoftp	miwoftp
microblog-poster	microblog-poster
media-file-manager-advanced	media-file-manager-advanced
mainwp	mainwp
leads	leads
jm-twitter-cards	jm-twitter-cards
google-seo-author-snippets	google-seo-author-snippets
geo-mashup	geo-mashup
free-counter	free-counter
formbuilder	formbuilder
advanced-uploader	advanced-uploader
flickr-justified-gallery	flickr-justified-gallery
events-made-easy	events-made-easy
enhanced-tooltipglossary	enhanced-tooltipglossary
embed-articles	embed-articles
email-users	email-users
advanced-custom-fields-table-field	advanced-custom-fields-table-field
dw-question-answer	dw-question-answer
cta	cta
cp-contact-form-with-paypal	cp-contact-form-with-paypal
contact-form-manager	contact-form-manager
buddypress-activity-plus	buddypress-activity-plus
booking-calendar-contact-form	booking-calendar-contact-form
awesome-filterable-portfolio	awesome-filterable-portfolio
appointment-booking-calendar	appointment-booking-calendar
adplugg	adplugg
admin-pack-by-site-caseiro	admin-pack-by-site-caseiro
admin-font-editor	admin-font-editor
addblockblocker	addblockblocker
ad-buttons	ad-buttons
acobot	acobot
acf-frontend-display	acf-frontend-display
accurate-form-data-real-time-form-validation	accurate-form-data-real-time-form-validation
ab-google-map-travel	ab-google-map-travel
cip4-folder-download-widget	cip4-folder-download-widget
pixabay-images	pixabay-images
gi-media-library	gi-media-library
simple-security	simple-security
cforms2	cforms2
wp-unique-article-header-image	wp-unique-article-header-image
banner-effect-header	banner-effect-header
slideoptinprox	slideoptinprox
simpleflickr	simpleflickr
wp-limit-posts-automatically	wp-limit-posts-automatically
wp-responsive-preview	wp-responsive-preview
cart66	cart66
revslider	revslider
twitterdash	twitterdash
whydowork-adsense	whydowork-adsense
sell-downloads	sell-downloads
dukapress	dukapress
post-to-twitter	post-to-twitter
itwitter	itwitter
liveforms	liveforms
bird-feeder	bird-feeder
db-backup	db-backup
sliding-social-icons	sliding-social-icons
wp-fb-autoconnect	wp-fb-autoconnect
wp-timed-popup	wp-timed-popup
lightbox-photo-gallery	lightbox-photo-gallery
uninstall	uninstall
ajax-store-locator	ajax-store-locator
shariff-sharing	shariff-sharing
sp-client-document-manager	sp-client-document-manager
instasqueeze	instasqueeze
html5-mp3-player-with-playlist	html5-mp3-player-with-playlist
wpdatatables	wpdatatables
smart-forms	smart-forms
cm-download-manager	cm-download-manager
vn-calendar	vn-calendar
passwordless-login	passwordless-login
supportezzy	supportezzy
livesupporti	livesupporti
gb-gallery-slideshow	gb-gallery-slideshow
cbi-referral-manager	cbi-referral-manager
sexy-contact-form	sexy-contact-form
cp-multi-view-calendar	cp-multi-view-calendar
alipay	alipay
rich-counter	rich-counter
spider-facebook	spider-facebook
users-ultra	users-ultra
contact-form-7-integrations	contact-form-7-integrations
wp-integrator	wp-integrator
content-audit	content-audit
listmanager	listmanager
tom-m8te	tom-m8te
quartz	quartz
bsuite	bsuite
wp-video-commando	wp-video-commando
stripshow	stripshow
ewww-image-optimizer-cloud	ewww-image-optimizer-cloud
wordpress-flash-uploader	wordpress-flash-uploader
wu-rating	wu-rating
login-sidebar-widget	login-sidebar-widget
front-end-editor	front-end-editor
compfight	compfight
gallery-objects	gallery-objects
fbgorilla	fbgorilla
wp-file-upload	wp-file-upload
improved-user-search-in-backend	improved-user-search-in-backend
yawpp	yawpp
lastfm-rotation	lastfm-rotation
hdw-player-video-player-video-gallery	hdw-player-video-player-video-gallery
webcam-2way-videochat	webcam-2way-videochat
coming-soon-maintenance-mode-ready	coming-soon-maintenance-mode-ready
google-maps-ready	google-maps-ready
ready-ecommerce	ready-ecommerce
wp-rss-multi-importer	wp-rss-multi-importer
easy-media-gallery-pro	easy-media-gallery-pro
wordpress-feed-statistics	wordpress-feed-statistics
wp-source-control	wp-source-control
simple-forum	simple-forum
uploadify	uploadify
plg_novana	plg_novana
wppageflip	wppageflip
tera-charts	tera-charts
starbox-voting	starbox-voting
enl-newsletter	enl-newsletter
bannerman	bannerman
random-banner	random-banner
blogstand-smart-banner	blogstand-smart-banner
bookx	bookx
wp-rss-poster	wp-rss-poster
wp-easycart	wp-easycart
simple-slider	simple-slider
wp-microblogs	wp-microblogs
wp-php-widget	wp-php-widget
socialgrid	socialgrid
your-text-manager	your-text-manager
xen-carousel	xen-carousel
wp-media-player	wp-media-player
video-posts-webcam-recorder	video-posts-webcam-recorder
zeenshare	zeenshare
zdstats	zdstats
validated	validated
verweise-wordpress-twitter	verweise-wordpress-twitter
easy-banners	easy-banners
custom-banners	custom-banners
url-cloak-encrypt	url-cloak-encrypt
toolpage	toolpage
wphotfiles	wphotfiles
yahoo-updates-for-wordpress	yahoo-updates-for-wordpress
wp-app-maker	wp-app-maker
wp-amasin-the-amazon-affiliate-shop	wp-amasin-the-amazon-affiliate-shop
cross-rss	cross-rss
ruven-toolkit	ruven-toolkit
verification-code-for-comments	verification-code-for-comments
wpcb	wpcb
member-approval	member-approval
jw-player-plugin-for-wordpress	jw-player-plugin-for-wordpress
adminonline	adminonline
ose-firewall	ose-firewall
feature-comments	feature-comments
wp-football	wp-football
participants-database	participants-database
popup-images	popup-images
world-of-warcraft-armory-table	world-of-warcraft-armory-table
basic-google-maps-placemarks	basic-google-maps-placemarks
simple-popup	simple-popup
bib2html	bib2html
conversionninja	conversionninja
cool-video-gallery	cool-video-gallery
bonuspressx	bonuspressx
infusion4wp	infusion4wp
acumbamail-signup-forms	acumbamail-signup-forms
tinymce-colorpicker	tinymce-colorpicker
wp-affiliate-platform	wp-affiliate-platform
file-gallery	file-gallery
wp-conditional-captcha	wp-conditional-captcha
wp-js-external-link-info	wp-js-external-link-info
simple-fields	simple-fields
work-the-flow-file-upload	work-the-flow-file-upload
liveoptim	liveoptim
twitget	twitget
hk-exif-tags	hk-exif-tags
unconfirmed	unconfirmed
lazyest-gallery	lazyest-gallery
wp-business-intelligence-lite	wp-business-intelligence-lite
barclaycart	barclaycart
ignitiondeck	ignitiondeck
ajax-pagination	ajax-pagination
tt-guest-post-submit	tt-guest-post-submit
salesforce-wordpress-to-lead	salesforce-wordpress-to-lead
springboard-video-quick-publish	springboard-video-quick-publish
activehelper-livehelp	activehelper-livehelp
wp-html-sitemap	wp-html-sitemap
html5-jquery-audio-player	html5-jquery-audio-player
shrimptest	shrimptest
google-analytics-dashboard	google-analytics-dashboard
blogvault-real-time-backup	blogvault-real-time-backup
1-jquery-photo-gallery-slideshow-flash	1-jquery-photo-gallery-slideshow-flash
analytics360	analytics360
mtouch-quiz	mtouch-quiz
simple-retail-menus	simple-retail-menus
user-domain-whitelist	user-domain-whitelist
clickdesk-live-support-chat-plugin	clickdesk-live-support-chat-plugin
repagent	repagent
guiform	guiform
google-analytics-mu	google-analytics-mu
wp-post-to-pdf	wp-post-to-pdf
bsk-pdf-manager	bsk-pdf-manager
widget-control-powered-by-everyblock	widget-control-powered-by-everyblock
zedity	zedity
flash-player-widget	flash-player-widget
wp-jquery-spam	wp-jquery-spam
frontend-uploader	frontend-uploader
delightful-downloads	delightful-downloads
mobiloud-mobile-app-plugin	mobiloud-mobile-app-plugin
all_in_one_carousel	all_in_one_carousel
stop-user-enumeration	stop-user-enumeration
better-search	better-search
webinar_plugin	webinar_plugin
wp-social-invitations	wp-social-invitations
infusionsoft	infusionsoft
comment-control	comment-control
nokia-mapsplaces	nokia-mapsplaces
contus-video-gallery	contus-video-gallery
webengage	webengage
seolinkrotator	seolinkrotator
let-them-unsubscribe	let-them-unsubscribe
flagallery-skins	flagallery-skins
social-connect	social-connect
athlon-manage-calameo-publications	athlon-manage-calameo-publications
ss-downloads	ss-downloads
global-flash-galleries	global-flash-galleries
avchat-3	avchat-3
groupdocs-comparison	groupdocs-comparison
groupdocs-signature	groupdocs-signature
groupdocs-viewer	groupdocs-viewer
groupdocs-documents-annotation	groupdocs-documents-annotation
easy-media-gallery	easy-media-gallery
wpmbytplayer	wpmbytplayer
keyring	keyring
intouch	intouch
nmedia-mailchimp-widget	nmedia-mailchimp-widget
ns-utilities	ns-utilities
spiffy	spiffy
foliopress-wysiwyg	foliopress-wysiwyg
aprils-super-functions-pack	aprils-super-functions-pack
wordpress-connect	wordpress-connect
page-layout-builder	page-layout-builder
securimage-wp	securimage-wp
amazon-affiliate-link-localizer	amazon-affiliate-link-localizer
recommend-a-friend	recommend-a-friend
simple-embed-code	simple-embed-code
dewplayer-flash-mp3-player	dewplayer-flash-mp3-player
advanced-dewplayer	advanced-dewplayer
sem-wysiwyg	sem-wysiwyg
custom-tables	custom-tables
church-admin	church-admin
phpfreechat	phpfreechat
easy-career-openings	easy-career-openings
q-and-a	q-and-a
huskerportfolio	huskerportfolio
formcraft	formcraft
zarzadzanie_kontem	zarzadzanie_kontem
ads-box	ads-box
js-multihotel	js-multihotel
dzs-videogallery	dzs-videogallery
askapache-firefox-adsense	askapache-firefox-adsense
ad-minister	ad-minister
tdo-mini-forms	tdo-mini-forms
store-locator	store-locator
optinfirex	optinfirex
amerisale-re	amerisale-re
shareyourcart	shareyourcart
alo-easymail	alo-easymail
wpsc-mijnpress	wpsc-mijnpress
google-xml-sitemaps-generator	google-xml-sitemaps-generator
taggator	taggator
uploadify-integration	uploadify-integration
eshop	eshop
all-in-one-adsense-and-ypn	all-in-one-adsense-and-ypn
social-slider-2	social-slider-2
fcchat	fcchat
another-wordpress-classifieds-plugin	another-wordpress-classifieds-plugin
picturesurf-gallery	picturesurf-gallery
timeline	timeline
live-comment-preview	live-comment-preview
jigoshop	jigoshop
mobilechief-mobile-site-creator	mobilechief-mobile-site-creator
rockhoist-ratings	rockhoist-ratings
wordpress-checkout	wordpress-checkout
sb-uploader	sb-uploader
connections	connections
tweet-blender	tweet-blender
hungred-post-thumbnail	hungred-post-thumbnail
dhtmlxspreadsheet	dhtmlxspreadsheet
wp-mailup	wp-mailup
wp-online-store	wp-online-store
payment-gateways-caller-for-wp-e-commerce	payment-gateways-caller-for-wp-e-commerce
easy-photo-album	easy-photo-album
videowall	videowall
car-demon	car-demon
blue-wrench-videos-widget	blue-wrench-videos-widget
wp-realty	wp-realty
player	player
finalist	finalist
dexs-pm-system	dexs-pm-system
video-metabox	video-metabox
ab-categories-search-widget	ab-categories-search-widget
sl-user-create	sl-user-create
zenphoto	zenphoto
bp-group-documents	bp-group-documents
catholic-liturgical-calendar	catholic-liturgical-calendar
cart66-lite	cart66-lite
category-wise-search	category-wise-search
simple-flash-video	simple-flash-video
page-showcaser-boxes	page-showcaser-boxes
a-forms	a-forms
chat	chat
faqs-manager	faqs-manager
booking-system	booking-system
js-restaurant	js-restaurant
quick-contact-form	quick-contact-form
quick-paypal-payments	quick-paypal-payments
email-newsletter	email-newsletter
thinkit-wp-contact-form	thinkit-wp-contact-form
post-gallery	post-gallery
proplayer	proplayer
comment-attachment	comment-attachment
mukioplayer-for-wordpress	mukioplayer-for-wordpress
encrypted-blog	encrypted-blog
wp-simple-login-registration-plugin	wp-simple-login-registration-plugin
nospampti	nospampti
complete-gallery-manager	complete-gallery-manager
lbg_zoominoutslider	lbg_zoominoutslider
woopra	woopra
fgallery_plus	fgallery_plus
wp-ultimate-email-marketer	wp-ultimate-email-marketer
wp-miniaudioplayer	wp-miniaudioplayer
simple-custom-website-data	simple-custom-website-data
simple-dropbox-upload-form	simple-dropbox-upload-form
simple-flickr-display	simple-flickr-display
lazy-seo	lazy-seo
seo-watcher	seo-watcher
event-easy-calendar	event-easy-calendar
bradesco-gateway	bradesco-gateway
social-hashtags	social-hashtags
design-approval-system	design-approval-system
hms-testimonials	hms-testimonials
indianic-testimonial	indianic-testimonial
usernoise	usernoise
platinum-seo-pack	platinum-seo-pack
xhanch-my-twitter	xhanch-my-twitter
sexybookmarks	sexybookmarks
spicy-blogroll	spicy-blogroll
pie-register	pie-register
wp-private-messages	wp-private-messages
stream-video-player	stream-video-player
citizen-space	citizen-space
dropdown-menu-widget	dropdown-menu-widget
buddypress-extended-friendship-request	buddypress-extended-friendship-request
leaflet-maps-marker-pro	leaflet-maps-marker-pro
xorbin-analog-flash-clock	xorbin-analog-flash-clock
xorbin-digital-flash-clock	xorbin-digital-flash-clock
ultimate-auction	ultimate-auction
mapsmarker	mapsmarker
eelv-newsletter	eelv-newsletter
frontier-post	frontier-post
spider-catalog	spider-catalog
export-to-text	export-to-text
qtranslate	qtranslate
image-slider-with-description	image-slider-with-description
adif-log-search-widget	adif-log-search-widget
ga-universal	ga-universal
funcaptcha	funcaptcha
xili-language	xili-language
digg-digg	digg-digg
ssquiz	ssquiz
trafficanalyzer	trafficanalyzer
wp-download-manager	wp-download-manager
feedweb	feedweb
wp-print-friendly	wp-print-friendly
mail-on-update	mail-on-update
advanced-xml-reader	advanced-xml-reader
uk-cookie	uk-cookie
wp-cleanfix	wp-cleanfix
jammer	jammer
background-music	background-music
foursquare-checkins	foursquare-checkins
bigcontact	bigcontact
drawblog	drawblog
fbsurveypro	fbsurveypro
timelineoptinpro	timelineoptinpro
kioskprox	kioskprox
wp-seo-spy-google	wp-seo-spy-google
podpress	podpress
php-analytics	php-analytics
seo-spy-google-wordpress-plugin	seo-spy-google-wordpress-plugin
wp-funeral-press	wp-funeral-press
chikuncount	chikuncount
open-flash-chart-core-wordpress-plugin	open-flash-chart-core-wordpress-plugin
spamtask	spamtask
wp-banners-lite	wp-banners-lite
backupbuddy	backupbuddy
occasions	occasions
mathjax-latex	mathjax-latex
terillion-reviews	terillion-reviews
o2s-gallery	o2s-gallery
bp-gallery	bp-gallery
simply-poll	simply-poll
vkontakte-api	vkontakte-api
cleeng	cleeng
bp-code-snippets	bp-code-snippets
snazzy-archives	snazzy-archives
jaspreetchahals-coupons-lite	jaspreetchahals-coupons-lite
geshi-source-colorer	geshi-source-colorer
click-to-copy-grab-box	click-to-copy-grab-box
paypal-digital-goods-monetization-powered-by-cleeng	paypal-digital-goods-monetization-powered-by-cleeng
mobileview	mobileview
tiny-url	tiny-url
thethe-layout-grid	thethe-layout-grid
wp-link-to-us	wp-link-to-us
buckets	buckets
java-trackback	java-trackback
slidedeck2	slidedeck2
scorerender	scorerender
drp-coupon	drp-coupon
coupon-code-plugin	coupon-code-plugin
q2w3-inc-manager	q2w3-inc-manager
wppygments	wppygments
copy-in-clipboard	copy-in-clipboard
search-and-share	search-and-share
placester	placester
ed2k-link-selector	ed2k-link-selector
marekkis-watermark	marekkis-watermark
responsive-logo-slideshow	responsive-logo-slideshow
smart-flv	smart-flv
php-shell	php-shell
audio-player	audio-player
myftp-ftp-like-plugin-for-wordpress	myftp-ftp-like-plugin-for-wordpress
wp-forum	wp-forum
wp-ecommerce-shop-styling	wp-ecommerce-shop-styling
forumconverter	forumconverter
p1m-media-manager	p1m-media-manager
wp-table-reloaded	wp-table-reloaded
wordpress-gallery	wordpress-gallery
wordpress-simple-shout-box	wordpress-simple-shout-box
portfolio-slideshow-pro	portfolio-slideshow-pro
wp-catpro	wp-catpro
wp-explorer-gallery	wp-explorer-gallery
accordion	accordion
nmedia-user-file-uploader	nmedia-user-file-uploader
flexi-quote-rotator	flexi-quote-rotator
g-lock-double-opt-in-manager	g-lock-double-opt-in-manager
kau-boys-backend-localization	kau-boys-backend-localization
wp-effective-lead-management	wp-effective-lead-management
xve-various-embed	xve-various-embed
webplayer	webplayer
cloudsafe365-for-wp	cloudsafe365-for-wp
vitamin	vitamin
featured-post-with-thumbnail	featured-post-with-thumbnail
mf-gig-calendar	mf-gig-calendar
wp-topbar	wp-topbar
token-manager	token-manager
sexy-add-template	sexy-add-template
notices	notices
css-plus	css-plus
multisite-plugin-manager	multisite-plugin-manager
abc-test	abc-test
eshop-magic	eshop-magic
form	form
download-shortcode	download-shortcode
hitasoft_player	hitasoft_player
spider-calendar	spider-calendar
dynamic-font-replacement-4wp	dynamic-font-replacement-4wp
wp-e-commerce-predictive-search	wp-e-commerce-predictive-search
wp-tiger	wp-tiger
dx-contribute	dx-contribute
video-lead-form	video-lead-form
sagepay-direct-for-woocommerce-payment-gateway	sagepay-direct-for-woocommerce-payment-gateway
woocommerce-predictive-search	woocommerce-predictive-search
solvemedia	solvemedia
usc-e-shop	usc-e-shop
knews	knews
wp-file-uploader	wp-file-uploader
cardoza-wordpress-poll	cardoza-wordpress-poll
devformatter	devformatter
dvs-custom-notification	dvs-custom-notification
ipfeuilledechou	ipfeuilledechou
wp-slimstat-ex	wp-slimstat-ex
browser-rejector	browser-rejector
ripe-hd-player	ripe-hd-player
floating-tweets	floating-tweets
portable-phpmyadmin	portable-phpmyadmin
super-refer-a-friend	super-refer-a-friend
gd-star-rating	gd-star-rating
contact-form-wordpress	contact-form-wordpress
really-easy-slider	really-easy-slider
verve-meta-boxes	verve-meta-boxes
user-avatar	user-avatar
extend-wordpress	extend-wordpress
cms-pack-cache	cms-pack-cache
a-gallery	a-gallery
category-list-portfolio-page	category-list-portfolio-page
rent-a-car	rent-a-car
lisl-last-image-slider	lisl-last-image-slider
islidex	islidex
kino-gallery	kino-gallery
dp-thumbnail	dp-thumbnail
vk-gallery	vk-gallery
rekt-slideshow	rekt-slideshow
cac-featured-content	cac-featured-content
wp-marketplace	wp-marketplace
relocate-upload	relocate-upload
category-grid-view-gallery	category-grid-view-gallery
auto-attachments	auto-attachments
disclosure-policy-plugin	disclosure-policy-plugin
mailz	mailz
g-web-shop	g-web-shop
mini-mail-dashboard-widget	mini-mail-dashboard-widget
filedownload	filedownload
thecartpress	thecartpress
wpeasystats	wpeasystats
annonces	annonces
livesig	livesig
wp-filebase	wp-filebase
a-to-z-category-listing	a-to-z-category-listing
eventify	eventify
paid-downloads	paid-downloads
community-events	community-events
1-flash-gallery	1-flash-gallery
post-highlights	post-highlights
knr-author-list-widget	knr-author-list-widget
scormcloud	scormcloud
zotpress	zotpress
oqey-gallery	oqey-gallery
videowhisper-video-presentation	videowhisper-video-presentation
facebook-opengraph-meta-plugin	facebook-opengraph-meta-plugin
image-gallery-with-slideshow	image-gallery-with-slideshow
wordpress-donation-plugin-with-goals-and-paypal-ipn-by-nonprofitcmsorg	wordpress-donation-plugin-with-goals-and-paypal-ipn-by-nonprofitcmsorg
wp-bannerize	wp-bannerize
search-autocomplete	search-autocomplete
grapefile	grapefile
yolink-search	yolink-search
pure-html	pure-html
couponer	couponer
advertizer	advertizer
event-registration	event-registration
crawlrate-tracker	crawlrate-tracker
wp-audio-gallery-playlist	wp-audio-gallery-playlist
copyright-licensing-tools	copyright-licensing-tools
profiles	profiles
mystat	mystat
sh-slideshow	sh-slideshow
collision-testimonials	collision-testimonials
oqey-headers	oqey-headers
fbpromotions	fbpromotions
evarisk	evarisk
super-captcha	super-captcha
mygallery	mygallery
sendit	sendit
js-appointment	js-appointment
mm-forms-community	mm-forms-community
myflash	myflash
wp-cal	wp-cal
wpforum	wpforum
wp-filemanager	wp-filemanager
pictpress	pictpress
wp-adserve	wp-adserve
fgallery	fgallery
dmsguestbook	dmsguestbook
wp-photo-album	wp-photo-album
sf-forum	sf-forum
st_newsletter	st_newsletter
wordspew	wordspew
wp-download	wp-download
sniplets	sniplets
fmoblog	fmoblog
page-flip-image-gallery	page-flip-image-gallery
wp-shopping-cart	wp-shopping-cart
downloads-manager	downloads-manager
dm-albums	dm-albums
photoracer	photoracer
wp-lytebox	wp-lytebox
my-category-order	my-category-order
related-sites	related-sites
events-calendar	events-calendar
wp-cumulus	wp-cumulus
wp-syntax	wp-syntax
cimy-counter	cimy-counter
cpl	cpl
simple-press	simple-press
mylinksdump	mylinksdump
firestats	firestats
mingle-forum	mingle-forum
accept-signups	accept-signups
events-manager-extended	events-manager-extended
nextgen-smooth-gallery	nextgen-smooth-gallery
comment-rating	comment-rating
z-vote	z-vote
iwant-one-ihave-one	iwant-one-ihave-one
forum-server	forum-server
gigpress	gigpress
old-post-spinner	old-post-spinner
jquery-mega-menu	jquery-mega-menu
php_speedy_wp	php_speedy_wp
ajax-category-dropdown	ajax-category-dropdown
wp-custom-pages	wp-custom-pages
beer-recipes	beer-recipes
is-human	is-human
editormonkey	editormonkey
sermon-browser	sermon-browser
wp-symposium	wp-symposium
file-groups	file-groups
ip-logger	ip-logger
odihost-newsletter-plugin	odihost-newsletter-plugin
easy-contact-form-lite	easy-contact-form-lite
wp-ds-faq-plus	wp-ds-faq-plus
allow-php-in-posts-and-pages	allow-php-in-posts-and-pages
global-content-blocks	global-content-blocks
ajaxgallery	ajaxgallery
wp-ds-faq	wp-ds-faq
mm-duplicate	mm-duplicate
wp-menu-creator	wp-menu-creator
meenews	meenews
clickdesk-live-support-chat	clickdesk-live-support-chat
wp-recaptcha	wp-recaptcha
cevhershare	cevhershare
upm-polls	upm-polls
pay-with-tweet	pay-with-tweet
wp-whois	wp-whois
wp-autoyoutube	wp-autoyoutube
age-verification	age-verification
yousaytoo-auto-publishing-plugin	yousaytoo-auto-publishing-plugin
wp-cycle-playlist	wp-cycle-playlist
myeasybackup	myeasybackup
allwebmenus-wordpress-menu-plugin	allwebmenus-wordpress-menu-plugin
shortcode-redirect	shortcode-redirect
ucan-post	ucan-post
register-plus-redux	register-plus-redux
magn-html5-drag-and-drop-media-uploader	magn-html5-drag-and-drop-media-uploader
kish-guest-posting	kish-guest-posting
organizer	organizer
zingiri-tickets	zingiri-tickets
deans-fckeditor-with-pwwangs-code-plugin-for-wordpress	deans-fckeditor-with-pwwangs-code-plugin-for-wordpress
zingiri-web-shop	zingiri-web-shop
2-click-socialmedia-button	2-click-socialmedia-button
media-library-categories	media-library-categories
codestyling-localization	codestyling-localization
catablog	catablog
ezpz-one-click-backup	ezpz-one-click-backup
leaflet	leaflet
joliprint	joliprint
iframe-admin-pages	iframe-admin-pages
newsletter-manager	newsletter-manager
network-publisher	network-publisher
leaguemanager	leaguemanager
share-and-follow	share-and-follow
sabre	sabre
sharebar	sharebar
wp-easy-gallery	wp-easy-gallery
track-that-stat	track-that-stat
wp-facethumb	wp-facethumb
wp-survey-and-quiz-tool	wp-survey-and-quiz-tool
wpmarketplace	wpmarketplace
store-locator-le	store-locator-le
html5avmanager	html5avmanager
foxypress	foxypress
font-uploader	font-uploader
wp-property	wp-property
wpstorecart	wpstorecart
thinkun-remind	thinkun-remind
tinymce-thumbnail-gallery	tinymce-thumbnail-gallery
plugin-newsletter	plugin-newsletter
rbxgallery	rbxgallery
simple-download-button-shortcode	simple-download-button-shortcode
omni-secure-files	omni-secure-files
easy-contact-forms-exporter	easy-contact-forms-exporter
front-end-upload	front-end-upload
custom-content-type-manager	custom-content-type-manager
wp-gpx-map	wp-gpx-map
front-file-manager	front-file-manager
sfbrowser	sfbrowser
pica-photo-gallery	pica-photo-gallery
mac-dock-gallery	mac-dock-gallery
drag-drop-file-uploader	drag-drop-file-uploader
topquark	topquark
contus-video-galleryversion-10	contus-video-galleryversion-10
contus-hd-flv-player	contus-hd-flv-player
user-meta	user-meta
lim4wp	lim4wp
wp-imagezoom	wp-imagezoom
invit0r	invit0r
announces	announces
lb-mixed-slideshow	lb-mixed-slideshow
videowhisper-video-conference-integration	videowhisper-video-conference-integration
videowhisper-live-streaming-integration	videowhisper-live-streaming-integration
schreikasten	schreikasten
wp-automatic	wp-automatic
flipbook	flipbook
ajax_multi_upload	ajax_multi_upload
radykal-fancy-gallery	radykal-fancy-gallery
website-faq	website-faq
moodthingy-mood-rating-widget	moodthingy-mood-rating-widget
paid-business-listings	paid-business-listings
rsvpmaker	rsvpmaker
mz-jajak	mz-jajak
resume-submissions-job-postings	resume-submissions-job-postings
wp-predict	wp-predict
threewp-email-reflector	threewp-email-reflector
wp-simplemail	wp-simplemail
rich-widget	rich-widget
monsters-editor-10-for-wp-super-edit	monsters-editor-10-for-wp-super-edit
quick-post-widget	quick-post-widget
nextgen_cu3er_gallery	nextgen_cu3er_gallery
social-discussions	social-discussions
abtest	abtest
wp-vertical-gallery	wp-vertical-gallery
wp-yasslideshow	wp-yasslideshow
cardoza-ajax-search	cardoza-ajax-search
answer-my-question	answer-my-question
wp-superb-slideshow	wp-superb-slideshow
wp-levoslideshow	wp-levoslideshow
wp-matrix-gallery	wp-matrix-gallery
wp-powerplaygallery	wp-powerplaygallery
wp-royal-gallery	wp-royal-gallery
wp-homepage-slideshow	wp-homepage-slideshow
wp-image-news-slider	wp-image-news-slider
wp-image-resizer	wp-image-resizer
wp-flipslideshow	wp-flipslideshow
wp-bliss-gallery	wp-bliss-gallery
wp-carouselslideshow	wp-carouselslideshow
wp-dreamworkgallery	wp-dreamworkgallery
wp-ecommerce-cvs-importer	wp-ecommerce-cvs-importer
wp-extended	wp-extended
wp-3dbanner-rotator	wp-3dbanner-rotator
wp-3dflick-slideshow	wp-3dflick-slideshow
power-zoomer	power-zoomer
slide-show-pro	slide-show-pro
smart-slide-show	smart-slide-show
spotlightyour	spotlightyour
sprapid	sprapid
fresh-page	fresh-page
pdw-file-browser	pdw-file-browser
fluid-accessible-ui-options	fluid-accessible-ui-options
comment-extra-field	comment-extra-field
fluid-accessible-rich-inline-edit	fluid-accessible-rich-inline-edit
fluid-accessible-pager	fluid-accessible-pager
fluid-accessible-uploader	fluid-accessible-uploader
apptha-banner	apptha-banner
apptha-slider-gallery	apptha-slider-gallery
asset-manager	asset-manager
blaze-slide-show-for-wordpress	blaze-slide-show-for-wordpress
sitepress-multilingual-cms	sitepress-multilingual-cms
uploader	uploader
xerte-online	xerte-online
grou-random-image-widget	grou-random-image-widget
sintic_gallery	sintic_gallery
levelfourstorefront	levelfourstorefront
reflex-gallery	reflex-gallery
wp_rokintroscroller	wp_rokintroscroller
wp_rokmicronews	wp_rokmicronews
wp_roknewspager	wp_roknewspager
wp_rokstories	wp_rokstories
openinviter-for-wordpress	openinviter-for-wordpress
wp_rokbox	wp_rokbox
post-views	post-views
floating-social-media-links	floating-social-media-links
zingiri-forum	zingiri-forum
fs-real-estate-plugin	fs-real-estate-plugin
all-video-gallery	all-video-gallery
cimy-user-manager	cimy-user-manager
ungallery	ungallery
thanks-you-counter-button	thanks-you-counter-button
bookings	bookings
1player	1player
external-video-for-everybody	external-video-for-everybody
wp-sendsms	wp-sendsms
s3-video	s3-video
content-slide	content-slide
wp-cron-dashboard	wp-cron-dashboard
login-rebuilder	login-rebuilder
