ctools	Chaos tool suite (ctools)
views	Views
token	Token
libraries	Libraries API
pathauto	Pathauto
entity	Entity API
jquery_update	jQuery Update
admin_menu	Administration menu
webform	Webform
date	Date
imce	IMCE
ckeditor	CKEditor - WYSIWYG HTML editor
google_analytics	Google Analytics
link	Link
module_filter	Module Filter
wysiwyg	Wysiwyg
metatag	Metatag
rules	Rules
entityreference	Entity reference
features	Features
backup_migrate	Backup and Migrate
media	Media
xmlsitemap	XML Sitemap
field_group	Field Group
transliteration	Transliteration
colorbox	Colorbox
views_bulk_operations	Views Bulk Operations (VBO)
variable	Variable
captcha	CAPTCHA
views_slideshow	Views Slideshow
panels	Panels
l10n_update	Localization update
menu_block	Menu block
devel	Devel
context	Context
i18n	Internationalization
redirect	Redirect
file_entity	File Entity (fieldable files)
globalredirect	Global Redirect
field_collection	Field collection
imce_wysiwyg	IMCE Wysiwyg bridge
strongarm	Strongarm
block_class	Block Class
menu_attributes	Menu attributes
ds	Display suite
email	Email Field
addressfield	Address Field
superfish	Superfish
job_scheduler	Job Scheduler
mailsystem	Mail System
admin_views	Administration Views
references	References
flexslider	Flex Slider
feeds	Feeds
better_exposed_filters	Better Exposed Filters
special_menu_items	Special menu items
calendar	Calendar
smtp	SMTP Authentication Support
uuid	Universally Unique IDentifier
media_youtube	Media: YouTube
site_map	Site map
views_php	Views PHP
views_data_export	Views data export
advanced_help	Advanced help
plupload	Plupload integration
imagecache_actions	ImageCache Actions
node_clone	Node clone
multiupload_filefield_widget	Multiupload Filefield Widget
diff	Diff
taxonomy_menu	Taxonomy menu
page_title	Page Title
lightbox2	Lightbox2
mimemail	Mime Mail
recaptcha	reCAPTCHA
honeypot	Honeypot
search_api	Search API
quicktabs	Quick Tabs
field_permissions	Field Permissions
multiupload_imagefield_widget	Multiupload Imagefield Widget
votingapi	Voting API
filefield_sources	FileField Sources
inline_entity_form	Inline Entity Form
insert	Insert
facetapi	Facet API
oauth	OAuth
fontyourface	@font-your-face
nice_menus	Nice Menus
commerce	Drupal Commerce
scheduler	Scheduler
content_access	Content Access
conditional_fields	Conditional Fields
pathologic	Pathologic
ckeditor_link	CKEditor Link - A plugin to easily create links to Drupal internal paths
title	Title
imce_mkdir	IMCE Mkdir
jcarousel	jCarousel
video_embed_field	Video Embed Field
draggableviews	DraggableViews
adminimal_admin_menu	Adminimal Administration Menu
print	Printer, email and PDF versions
site_verify	Site verification
auto_nodetitle	Automatic Nodetitles
linkit	Linkit
flag	Flag
simplenews	Simplenews
exclude_node_title	Exclude Node Title
logintoboggan	LoginToboggan
extlink	External Links
search_api_db	Search API Database Search
fivestar	Fivestar
geophp	geoPHP
location	Location
image_url_formatter	Image URL Formatter
masquerade	Masquerade
multiform	Multiple forms
media_vimeo	Media: Vimeo
field_formatter_settings	Field formatter settings
geofield	Geofield
migrate	Migrate
responsive_menus	Responsive Menus
bundle_copy	Bundle copy
nodequeue	Nodequeue
entity_translation	Entity Translation
node_export	Node export
feeds_tamper	Feeds Tamper
module_missing_message_fixer	Module Missing Message Fixer
features_extra	Features Extra
better_formats	Better Formats
eva	EVA: Entity Views Attachment
cck	Content Construction Kit (CCK)
taxonomy_manager	Taxonomy Manager
views_bootstrap	Views Bootstrap
sharethis	ShareThis
weight	Weight
profile2	Profile 2
gmap	GMap Module
webform_validation	Webform Validation
i18nviews	Internationalization Views
languageicons	Language icons
htmlmail	HTML Mail
views_field_view	Views Field View
services	Services
custom_breadcrumbs	Custom Breadcrumbs
filefield_paths	File (Field) Paths
mollom	Mollom
options_element	Options Element
custom_search	Custom Search
search404	Search 404
login_destination	Login Destination
image_resize_filter	Image Resize Filter
elements	Elements
chosen	Chosen
galleryformatter	Gallery formatter
views_accordion	Views Accordion
field_slideshow	Field Slideshow
breakpoints	Breakpoints
wysiwyg_filter	WYSIWYG Filter
eu_cookie_compliance	EU Cookie Compliance
metatags_quick	Meta tags quick
youtube	YouTube Field
fences	Fences
nivo_slider	Nivo Slider
entity_view_mode	Entity view modes
token_filter	Token Filter
security_review	Security Review
bean	Bean
css_injector	CSS Injector
hierarchical_select	Hierarchical Select
webform_ajax	Webform Ajax
password_policy	Password policy
tb_megamenu	TB Mega Menu
fontawesome	Font Awesome Icons
stringoverrides	String Overrides
multiblock	MultiBlock
memcache	Memcache API and Integration
delta	Delta
omega_tools	Omega Tools
geocoder	Geocoder
faq	Frequently Asked Questions
twitter	Twitter
view_unpublished	view_unpublished
nodeblock	Nodeblock
panelizer	Panelizer
service_links	Service links
imagecache_token	Imagecache Token
entitycache	Entity cache
smart_trim	Smart Trim
colorbox_node	Colorbox Node
addthis	AddThis
checklistapi	Checklist API
workbench	Workbench
shortcode	Shortcode
advagg	Advanced CSS/JS Aggregation
menu_item_visibility	Menu item visibility
linkchecker	Link checker
role_delegation	Role Delegation
phone	Phone
taxonomy_display	Taxonomy display
simple_gmap	Simple Google Maps
manualcrop	Manual Crop
menu_position	Menu position
views_load_more	Views Load More
expire	Cache Expiration
ubercart	Ubercart
email_registration	Email Registration
simplehtmldom	simplehtmldom API
back_to_top	Back To Top
realname	RealName
seo_checklist	SEO Checklist
menu_breadcrumb	Menu Breadcrumb
flexslider_views_slideshow	FlexSlider Views Slideshow
path_breadcrumbs	Path Breadcrumbs
addtoany	Share Buttons by AddToAny
imagefield_crop	Imagefield Crop
og	Organic groups
message	Message
advanced_forum	Advanced Forum
select_or_other	Select (or other)
filefield_sources_plupload	FileField Sources Plupload
boost	Boost
chain_menu_access	Chain Menu Access API
views_autocomplete_filters	Views Autocomplete Filters
computed_field	Computed Field
views_infinite_scroll	Views Infinite Scroll
commerce_shipping	Commerce Shipping
viewfield	Viewfield
views_responsive_grid	Views Responsive Grid
seckit	Security Kit
acl	ACL
field_validation	Field validation
themekey	ThemeKey
autologout	Automated Logout
jquery_plugin	jQuery plugins
less	Less CSS Preprocessor
tagclouds	TagCloud
entityreference_prepopulate	Entityreference prepopulate
uuid_features	UUID Features Integration
menu_admin_per_menu	Menu Admin per Menu
navbar	Navbar
search_api_solr	Search API Solr Search
paragraphs	Paragraphs
empty_front_page	Empty Front Page
owlcarousel	Owl Carousel
workbench_moderation	Workbench Moderation
r4032login	Redirect 403 to User Login
robotstxt	RobotsTxt
semanticviews	Semantic Views
views_fieldsets	Views fieldsets
maxlength	Maxlength
imagemagick	ImageMagick
tablefield	TableField
term_reference_tree	Taxonomy Term Reference Tree Widget
search_config	Search configuration
entityform	Entityform
ldap	Lightweight Directory Access Protocol (LDAP)
mailchimp	MailChimp
override_node_options	Override Node Options
apachesolr	Apache Solr Search
menu_token	Menu token
picture	Picture
elysia_cron	Elysia Cron
follow	Follow
auto_entitylabel	Automatic Entity Label
message_notify	Message Notify
commerce_paypal	Commerce PayPal
session_api	Session API
views_conditional	Views Conditional
xautoload	X Autoload
menu_trail_by_path	Menu Trail By Path
imce_filefield	IMCE for FileField
views_megarow	Views Megarow
securepages	Secure Pages
commerce_flat_rate	Commerce Flat Rate
lang_dropdown	Language Switcher Dropdown
migrate_extras	Migrate Extras
views_datasource	Views Datasource
slick	Slick Carousel
emfield	Embedded Media Field
video	Video
date_popup_authored	Date Popup Authored
widgets	Widgets
formblock	Form Block
front	Front Page
countries	Countries
twitter_block	Twitter Block
search_api_ranges	Search API ranges
inline_conditions	Inline Conditions
views_tree	Views tree
retina_images	Retina Images
html5_tools	HTML5 Tools
socialmedia	Social media
node_convert	Node Convert
crumbs	Crumbs
fpa	Fast Permissions Administration
acquia_connector	Acquia Connector
media_gallery	Media Gallery
date_ical	Date iCal
telephone	Telephone
rabbit_hole	Rabbit Hole
color_field	Color Field
blockreference	Block reference
disqus	Disqus
charts	Charts
eck	Entity Construction Kit (ECK)
google_tag	GoogleTagManager
fieldable_panels_panes	Fieldable Panels Panes (FPP)
navigation404	404 Navigation
jquery_colorpicker	Jquery Colorpicker
webform_rules	Webform Rules
icon	Icon API
commerce_addressbook	Commerce Addressbook
form_builder	Form Builder
block_titlelink	Block Title Link
url	URL field
search_api_sorts	Search API sorts
slick_views	Slick Views
juicebox	Juicebox HTML5 Responsive Image Galleries
elfinder	elFinder file manager
chart	Google Chart Tools: Image Charts
commerce_features	Commerce features
publishcontent	Publish Content
conditional_styles	Conditional Stylesheets
varnish	Varnish HTTP Accelerator Integration
invisimail	Invisimail
tvi	Taxonomy Views Integrator
httprl	HTTP Parallel Request &amp; Threading Library
videojs	Video.js (HTML5 Video Player)
views_nivo_slider	Views Nivo Slider
ultimate_cron	Ultimate Cron
image_link_formatter	Image Link Formatter
clientside_validation	Clientside Validation
commerce_discount	Commerce Discount
feeds_xpathparser	Feeds XPath Parser
piwik	Piwik Web Analytics
video_filter	Video Filter
commerce_backoffice	Commerce Backoffice
l10n_client	Localization client
nodeaccess	Nodeaccess
fast_404	Fast 404
login_security	Login Security
field_formatter_class	Field Formatter Class
pm_existing_pages	Page manager existing pages
geolocation	Geolocation Field
field_collection_views	Field Collection Views
defaultconfig	Default config
registration	Entity Registration
webform_localization	Webform Localization
flood_control	Flood control
menu_firstchild	Menu Firstchild
simplify	Simplify
shs	Simple hierarchical select
fancybox	fancyBox
domain	Domain Access
views_isotope	Views Isotope (Deprecated)
imageblock	Image Block
fitvids	FitVids
coffee	Coffee
legal	Legal
entityreference_view_widget	Entity Reference View Widget
shadowbox	Shadowbox
features_override	Features Override
views_rss	Views RSS
autocomplete_deluxe	Autocomplete Deluxe
taxonomy_csv	Taxonomy CSV import/export
commerce_extra_price_formatters	Drupal Commerce Extra Price Formatters
admin_language	Administration Language
insert_view	Insert View
modal_forms	Modal forms (with ctools)
commerce_search_api	Commerce Search API
image_captcha_refresh	Image CAPTCHA Refresh
webform_hints	Webform Hints
mediaelement	MediaElement
leaflet	Leaflet
panels_breadcrumbs	Panels Breadcrumbs
privatemsg	Privatemsg
commerce_autosku	Commerce AutoSKU
webform_phone	Webform Phone Number
scroll_to_top	scroll to top
spamspan	SpamSpan filter
cloud_zoom	Cloud Zoom
forum_access	Forum Access
commerce_checkout_progress	Commerce Checkout Progress
fb_likebox	Facebook Page Plugin
ds_bootstrap_layouts	Display Suite Bootstrap Layouts
content_taxonomy	Content Taxonomy
hacked	Hacked!
panels_everywhere	Panels Everywhere
search_autocomplete	Search Autocomplete
vppr	Vocabulary Permissions Per Role
rate	Rate
newsletter	Newsletter
webform_conditional	Webform Conditional (Same Page Conditionals)
apps	Apps
cas	CAS
webform_layout	Webform Layout
admin_theme	Administration theme
save_draft	Save Draft
securelogin	Secure Login
taxonomy_access_fix	Taxonomy access fix
simplified_menu_admin	Simplified Menu Administration
imce_crop	IMCE Crop
image_field_caption	Image Field Caption
references_dialog	References dialog
session_limit	Session Limit
easy_breadcrumb	Easy Breadcrumb
custom_formatters	Custom Formatters
commerce_stock	Commerce Stock
schema	Schema
find_content	Find Content
fape	Field API Pane Editor (FAPE)
disable_messages	Disable Messages
readmorecontrol	Read More Control
drafty	Drafty
tabtamer	Tab Tamer
views_ticker	Views Ticker
backports	Backports
environment_indicator	Environment Indicator
masonry	Masonry API
modernizr	Modernizr
locationmap	Location Map
imce_rename	IMCE Rename
field_collection_table	Field Collection Table
markup	Markup
admin	Admin
http_client	Http Client
image_delta_formatter	Image Delta Formatter
imagestyleflush	Image style flush
views_fluid_grid	Views Fluid Grid
replicate	Replicate
rename_admin_paths	Rename Admin Paths
galleria	Galleria
disable_breadcrumbs	Disable breadcrumbs
adaptive_image	Adaptive Image
noreqnewpass	No Request New Password
schemaorg	Schema.org
rules_conditional	Conditional Rules
media_soundcloud	Media: SoundCloud
hide_submit	Hide submit button
revisioning	Revisioning
commerce_message	Commerce Message
compact_forms	Compact Forms
messaging	Messaging
menu_import	Menu Export/Import
styles	Styles
dhtml_menu	DHTML Menu
openlayers	Openlayers
fullcalendar	FullCalendar
boxes	Boxes
nodereference_url	Node Reference URL Widget
audiofield	AudioField
caption_filter	Caption Filter
form_placeholder	Form Placeholder
editablefields	Editable Fields
media_ckeditor	Media CKEditor
flippy	Flippy
imageapi_optimize	Image Optimize (or ImageAPI Optimize)
proj4js	Proj4JS
commerce_coupon	Commerce Coupon
radix_layouts	Radix Layouts
administerusersbyrole	Administer Users by Role
beautytips	BeautyTips
filter_perms	Filter permissions
panopoly_magic	Panopoly Magic
media_browser_plus	Media Browser Plus
editableviews	Editable Views
masonry_views	Masonry Views
respondjs	Respond.js
panopoly_widgets	Panopoly Widgets
minify	Minify
slick_extras	Slick extras
roleassign	RoleAssign
menu_target	Menu target
search_api_page	Search API pages
menu_editor	Menu Editor
browscap	Browscap
panopoly_images	Panopoly Images
menu_icons	Menu Icons
spamicide	Spamicide
views_distinct	Views Distinct
panopoly_theme	Panopoly Theme
subpathauto	Sub-pathauto (Sub-path URL Aliases)
commerce_add_to_cart_confirmation	Commerce add to cart confirmation
contact_form_blocks	Contact form blocks
colors	Colors
demo	Demonstration site (Sandbox / Snapshot)
panels_bootstrap_layouts	Panels Bootstrap Layouts
services_views	Services Views
username_enumeration_prevention	Username Enumeration Prevention
hybridauth	HybridAuth Social Login
event_calendar	Event Calendar
wysiwyg_template	Wysiwyg API template plugin
composer_manager	Composer Manager
user_import	User Import
contact_forms	Contact Forms
panopoly_core	Panopoly Core
phpmailer	PHPMailer
userprotect	User protect
menu_node	Menu Node API
spambot	Spambot
workflow	Workflow
drd_agent	DRD agent
webform_multifile	Webform Multiple File Upload
shib_auth	Shibboleth authentication
oa_core	Open Atrium Core
at_base	@Base
auto_login_url	Auto Login URL
office_hours	Office Hours
private	Private
aes	AES encryption
restws	RESTful Web Services
timezone_detect	Timezone Detect
restful	RESTful
flag_clear	Flag clear
hotjar	Hotjar
osf	OSF for Drupal
wetkit_omega	Web Experience Toolkit: Omega
facebook_pull	Facebook Pull
storage_api_stream_wrapper	Storage API stream wrappers
openlucius	OpenLucius
dfp	Doubleclick for Publishers (DFP)
js	High-performance JavaScript callback handler
views_send	Views Send
bootstrap	Bootstrap
profile2_regpath	Profile2 Registration Path
menu_views	Menu Views
tripal_blast	Tripal BLAST UI
flag_lists	Flag Lists
workbench_scheduler	Workbench Scheduler
hosting	Hosting
require_login	Require Login
oauth2_client	OAuth2 Client
coder	Coder
instagram_block	Instagram Block
outline_designer	Outline Designer
node_embed	Node Embed
page_manager_search	Page manager search
rest_json	REST/JSON
opening_hours	Opening hours
regcode	Registration codes
dropbox_client	Dropbox Client
oa_notifications	Open Atrium Notifications
epsacrop	EPSA Crop - Image Cropping
login_one_time	Login one time
fac	Fast Autocomplete
scald_file	Scald File Provider
node_notify	Node Notify
hubspot_cta	Hubspot CTA
google_analytics_counter	Google Analytics Counter
USASearch	DigitalGov Search (machine name: USASearch)
prepopulate	Prepopulate
nodejs	Node.js integration
commerce_authnet_simdpm	Commerce Authorize.Net SIM/DPM Payment Methods
openatrium	Open Atrium
redhen	RedHen CRM
select2widget	Select2 Field Widget
values	Values
token_insert_entity	Token Insert Entity
chatroom	Chat Room
encrypt	Encrypt
mayo	MAYO
monster_menus	Monster Menus
login_disable	Login Disable
fieldblock	Field as Block
webform_civicrm	Webform CiviCRM Integration
labjs	LABjs
twilio	Twilio
stickynote	stickynote
taxonomy_find	Taxonomy Find
user_dashboard	UserDashboard
scald	Scald
cms_updater	CMS Updater
amocrm	amoCRM
sqlsrv	Drupal 7 driver for SQL Server and SQL Azure
mass_contact	Mass Contact
zendesk_feedbacktab	Zendesk Feedback Tab
spotlight	Spotlight
search_api_autocomplete	Search API Autocomplete
workbench_email	Workbench Email
quickedit	Quick Edit
commerce_commonwealth	Commerce Commonwealth (CBA)
time_tracker	Time Tracker
me	me aliases
acsf	Acquia Cloud Site Factory Connector
xc	The eXtensible Catalog (XC) Drupal Toolkit
apachesolr_realtime	Apache Solr Real-Time
hsts	HTTP Strict Transport Security
Commerce_novalnet	Novalnet Payment Module- Drupal Commerce
chamilo	Chamilo integration
storage_api	Storage API
hostmaster	Hostmaster (Aegir)
shipwire	Shipwire
weblinks	Web Links
pass2pdf	pass2pdf
mmenu	Mobile sliding menu
webform_matrix_component	Webform Matrix Component
entityform_block	Entityform block
ddblock	Dynamic display block
camtasia_relay	Camtasia Relay
civicrm_private_report	CiviCRM private report
og_tag_importer	Open Graph Importer
current_search_links	Current Search Links
entitybulkdelete	EntityBulkDelete
imagefield_info	Imagefield Info
uc_webform_pane	Ubercart Webform Checkout Pane
decisions	Decisions
invoice	Invoice
profile2_privacy	Profile2 Privacy
og_tabs	OG tabs
image_title	Image Title
perfecto	Perfecto
trick_question	Trick Question
commerce_ogone	Commerce Ogone
simple_subscription	Simple subscription
taxonomy_accordion	Taxonomy Accordion
campaignmonitor	Campaign Monitor
finder	Finder
tracking_code	Tracking Code
uc_webform	Ubercart Webform Integration
services_basic_auth	Services Basic Authentication
navigate	Navigate
taxonomy_tools	Taxonomy Tools
nap	Node access product
taxonomy_path	Taxonomy Path
commerce_balanced_payments	Commerce Balanced Payments
node_basket	Node basket
feature_set	Feature Set
webform_prepopulate_block	Webform prepopulate block
facebook_album_fetcher	Facebook Album Fetcher
pubdlcnt	Public Download Count
ajax_timeline	Ajax Timeline
commerce_wedeal	Commerce WeDeal
gd_infinite_scroll	GD Infinite Scroll
aws_amazon	Amazon AWS
corner	Corner
quizzler	Quizzler
taxonews	Taxonews
patterns	Patterns
ed_classified	Classified Ads
room_reservations	Room Reservations
tadaa	Tadaa!
term_merge	Term merge
wishlist	Wishlist Module
field_display_label	Field Display Label
jammer	Jammer
todo_filter	Todo Filter
batch_jobs	Batch Jobs
cloudwords	Cloudwords for Multilingual Drupal
htaccess	htaccess
course	Course
opac	OPAC
og_menu	OG Menu
school_administration	School Administration
poll_chart	Poll Chart Block
postal_code	Postal Code
moip	MoIP
godwins_law	Godwin's Law
webform_invitation	Webform Invitation
tournament	Tournament
node_field	Node Field
protected_pages	Protected Pages
freelinking	Freelinking
webform_component_roles	Webform Component Roles
addressfield_tokens	Addressfield Tokens
passwordless	Passwordless
document	Document
badbehavior	Bad Behavior
safeword	Safeword
webform_patched	Webform Patched
survey_builder	Survey Builder
speech	Speech recognition
geofield_ymap	Geofield Yandex Maps
rules_link	Rules Link
marketo_ma	Marketo MA
site_banner	Site Banner
social_stats	Social Stats
notify	Notify
pane	Pane
nodeaccesskeys	Node Access Keys
custom_meta	Custom Meta
videowhisper	VideoWhisper Webcam Plugins
petitions	- Petitions -
touch	Touch
webserver_auth	Webserver authentication
commerce_moneris	Commerce Moneris
fate	Field API Tab Editor
realname_registration	Realname registration
commerce_postfinance	Commerce Postfinance ePayment
zen	Zen
context_form_alteration	Context Form Alteration
commons	Drupal Commons
professional_theme	Professional
skeletontheme	Skeleton
simplecorp	SimpleCorp
bluemasters	BlueMasters
xapian	Xapian integration
webform_template	Webform Template
newsflash	NewsFlash
openomega	Open Omega
content_lock	Content locking (anti-concurrent editing)
slickgrid	Slickgrid
maestro	Maestro
easy_social	Easy Social
push_notifications	Push Notifications
tribune	Tribune
secure_cookie_data	Secure Cookie Data
anonymous_posting	Anonymous Posting
invitation	Invitation
misery	Misery
gcc	Groups, Communities and Co (GCC)
payment_webform	Payment for Webform
gss	Google Site Search
jquery_countdown	jQuery Countdown
mediafront	MediaFront
node_view_permissions	Node View Permissions
botcha	BOTCHA Spam Prevention
persona	Mozilla Persona
authcache	Authenticated User Page Caching (Authcache)
tinybox	TinyBox (Simple Splash)
stage_file_proxy	Stage File Proxy
hatch	Hatch
nodeaccess_userreference	Node access user reference
edit_limit	Edit Limit
ga_login	Google Authenticator login
autocomplete_widgets	Autocomplete Widgets for Text and Number Fields
commerce_moneybookers	Commerce Skrill (Formerly Moneybookers)
commons_wikis	Commons Wikis
commons_groups	Commons Groups
zeropoint	Zero Point
corporate	Simple Corporate
company	Company theme
responsive	Premium Responsive
clean_theme	Clean Theme
business	Business Theme
responsive_blog	Responsive Blog
best_responsive	Best Responsive
fresh	Fresh theme
creative	Creative Theme
menu_reference	Menu Reference
yandex_metrics	Yandex.Metrics
banckle_live_chat	Banckle Chat
og_manager_change	Manager Change for Organic Groups
keyboard_shortcut	Keyboard Shortcut Utility
user_relationships	User Relationships
mark_complete	Mark Complete
live_css	Live CSS
payment	Payment
multilink	Multi-Language Link and Redirect (MultiLink)
user_readonly	User Read-Only
om_maximenu	OM Maximenu
mandrill	Mandrill
commerce_extra_panes	Commerce extra panes
twitter_pull	Twitter Pull
hostip	Hostip
fonecta_verify	Fonecta verify
prh_search	PRH Search
pdfthumb	PDFThumb
heartbeat	Heartbeat
apachesolr_autocomplete	Apache Solr Autocomplete
jstool	Javascript Tool
elegant_theme	Elegant Theme
better_revisions	Better Revisions
shorten	Shorten URLs
security_questions	Security Questions
restrict_node_page_view	Restrict node page view
hashcash	Hashcash
janrain_capture	Janrain Capture
protest	Protest
browserid	BrowserID (Mozilla Persona)
cctags	cctags
commerce_reorder	Commerce Reorder
rpx	Janrain Engage (formerly RPX)
views_lang_switch	Views Language Switcher
slidebox	Slidebox
cdn	CDN
fp	Faster Permissions
forward	Forward
fillpdf	Fill PDF
echo	Echo
homebox	Homebox
taxonomy_filter	Taxonomy Filter
simpleclean	Simple Clean
facebookshare	Facebook Share
